店舗名,エリア,最寄駅,ジャンル,食べログURL,住所,Google Maps,評価点数
IL LUPINO PRIME TOKYO,原宿・表参道・青山,表参道駅,東京,https://tabelog.com/tokyo/A1306/A130602/13272082/,東京都港区北青山3-4-3 ののあおやま 2F,https://www.google.com/maps/search/?api=1&query=%E6%9D%B1%E4%BA%AC%E9%83%BD%E6%B8%AF%E5%8C%BA%E5%8C%97%E9%9D%92%E5%B1%B13-4-3%20%E3%81%AE%E3%81%AE%E3%81%82%E3%81%8A%E3%82%84%E3%81%BE%202F,3.48
近江うし 焼肉 にくTATSU 青山本店,原宿・表参道・青山,外苑前駅,東京,https://tabelog.com/tokyo/A1306/A130603/13221781/,東京都港区北青山2-11-15 町田ビル 1F,https://www.google.com/maps/search/?api=1&query=%E6%9D%B1%E4%BA%AC%E9%83%BD%E6%B8%AF%E5%8C%BA%E5%8C%97%E9%9D%92%E5%B1%B12-11-15%20%E7%94%BA%E7%94%B0%E3%83%93%E3%83%AB%201F,3.45
ゆいま～る食堂 原宿店,原宿・表参道・青山,原宿駅,東京,https://tabelog.com/tokyo/A1306/A130601/13200328/,東京都渋谷区神宮前1-22-7 WESTビル B1F,https://www.google.com/maps/search/?api=1&query=%E6%9D%B1%E4%BA%AC%E9%83%BD%E6%B8%8B%E8%B0%B7%E5%8C%BA%E7%A5%9E%E5%AE%AE%E5%89%8D1-22-7%20WEST%E3%83%93%E3%83%AB%20B1F,3.14
龍府,原宿・表参道・青山,外苑前駅,東京,https://tabelog.com/tokyo/A1306/A130603/13014274/,東京都港区南青山2-12-16 石塚商事ビル　Ｂ１Ｆ,https://www.google.com/maps/search/?api=1&query=%E6%9D%B1%E4%BA%AC%E9%83%BD%E6%B8%AF%E5%8C%BA%E5%8D%97%E9%9D%92%E5%B1%B12-12-16%20%E7%9F%B3%E5%A1%9A%E5%95%86%E4%BA%8B%E3%83%93%E3%83%AB%E3%80%80%EF%BC%A2%EF%BC%91%EF%BC%A6,3.34
薬膳レストラン 10ZEN 青山店,原宿・表参道・青山,表参道駅,東京,https://tabelog.com/tokyo/A1306/A130602/13254361/,東京都港区南青山5-10-19,https://www.google.com/maps/search/?api=1&query=%E6%9D%B1%E4%BA%AC%E9%83%BD%E6%B8%AF%E5%8C%BA%E5%8D%97%E9%9D%92%E5%B1%B15-10-19,3.47
ディップマハル 青山店,原宿・表参道・青山,表参道駅,東京,https://tabelog.com/tokyo/A1306/A130602/13153214/,東京都港区北青山3-5-9 レイカーズ青山 1F,https://www.google.com/maps/search/?api=1&query=%E6%9D%B1%E4%BA%AC%E9%83%BD%E6%B8%AF%E5%8C%BA%E5%8C%97%E9%9D%92%E5%B1%B13-5-9%20%E3%83%AC%E3%82%A4%E3%82%AB%E3%83%BC%E3%82%BA%E9%9D%92%E5%B1%B1%201F,3.34
& Yogurt,原宿・表参道・青山,表参道駅,東京,https://tabelog.com/tokyo/A1306/A130602/13299163/,東京都港区北青山3-10-14 2F,https://www.google.com/maps/search/?api=1&query=%E6%9D%B1%E4%BA%AC%E9%83%BD%E6%B8%AF%E5%8C%BA%E5%8C%97%E9%9D%92%E5%B1%B13-10-14%202F,3.17
BUTTER MILK CHANNEL 原宿,原宿・表参道・青山,明治神宮前駅,東京,https://tabelog.com/tokyo/A1306/A130601/13225692/,東京都渋谷区神宮前1-11-11,https://www.google.com/maps/search/?api=1&query=%E6%9D%B1%E4%BA%AC%E9%83%BD%E6%B8%8B%E8%B0%B7%E5%8C%BA%E7%A5%9E%E5%AE%AE%E5%89%8D1-11-11,3.48
O'denbar うまみ 表参道店,原宿・表参道・青山,表参道駅,東京,https://tabelog.com/tokyo/A1306/A130602/13264343/,東京都港区北青山3-6-26 第5SIビル B1F,https://www.google.com/maps/search/?api=1&query=%E6%9D%B1%E4%BA%AC%E9%83%BD%E6%B8%AF%E5%8C%BA%E5%8C%97%E9%9D%92%E5%B1%B13-6-26%20%E7%AC%AC5SI%E3%83%93%E3%83%AB%20B1F,3.39
青山ブションアミュゼ,原宿・表参道・青山,表参道駅,東京,https://tabelog.com/tokyo/A1306/A130602/13200945/,東京都港区南青山5-9-8 五番館ビル2階,https://www.google.com/maps/search/?api=1&query=%E6%9D%B1%E4%BA%AC%E9%83%BD%E6%B8%AF%E5%8C%BA%E5%8D%97%E9%9D%92%E5%B1%B15-9-8%20%E4%BA%94%E7%95%AA%E9%A4%A8%E3%83%93%E3%83%AB2%E9%9A%8E,3.38
RED PEPPER 表参道店,原宿・表参道・青山,表参道駅,東京,https://tabelog.com/tokyo/A1306/A130602/13007408/,東京都港区北青山3-5-25 清水ビル　１Ｆ,https://www.google.com/maps/search/?api=1&query=%E6%9D%B1%E4%BA%AC%E9%83%BD%E6%B8%AF%E5%8C%BA%E5%8C%97%E9%9D%92%E5%B1%B13-5-25%20%E6%B8%85%E6%B0%B4%E3%83%93%E3%83%AB%E3%80%80%EF%BC%91%EF%BC%A6,3.49
ひごの屋 青山本店,原宿・表参道・青山,表参道駅,東京,https://tabelog.com/tokyo/A1306/A130602/13013013/,東京都港区北青山3-12-7 カプリーズ青山　２Ｆ,https://www.google.com/maps/search/?api=1&query=%E6%9D%B1%E4%BA%AC%E9%83%BD%E6%B8%AF%E5%8C%BA%E5%8C%97%E9%9D%92%E5%B1%B13-12-7%20%E3%82%AB%E3%83%97%E3%83%AA%E3%83%BC%E3%82%BA%E9%9D%92%E5%B1%B1%E3%80%80%EF%BC%92%EF%BC%A6,3.12
コサリ ニューコリアン テーブル トウキョウ,原宿・表参道・青山,表参道駅,東京,https://tabelog.com/tokyo/A1306/A130602/13146845/,東京都渋谷区神宮前5-51-8 ラ・ポルト青山 B1F,https://www.google.com/maps/search/?api=1&query=%E6%9D%B1%E4%BA%AC%E9%83%BD%E6%B8%8B%E8%B0%B7%E5%8C%BA%E7%A5%9E%E5%AE%AE%E5%89%8D5-51-8%20%E3%83%A9%E3%83%BB%E3%83%9D%E3%83%AB%E3%83%88%E9%9D%92%E5%B1%B1%20B1F,3.36
俺のフレンチ・イタリアン 青山,原宿・表参道・青山,表参道駅,東京,https://tabelog.com/tokyo/A1306/A130601/13160318/,東京都港区北青山3-11-7 Aoビル 1F,https://www.google.com/maps/search/?api=1&query=%E6%9D%B1%E4%BA%AC%E9%83%BD%E6%B8%AF%E5%8C%BA%E5%8C%97%E9%9D%92%E5%B1%B13-11-7%20Ao%E3%83%93%E3%83%AB%201F,3.48
MATOI-YA 表参道店,原宿・表参道・青山,表参道駅,東京,https://tabelog.com/tokyo/A1306/A130602/13166362/,東京都渋谷区神宮前5-50-6 中島ビル B1F,https://www.google.com/maps/search/?api=1&query=%E6%9D%B1%E4%BA%AC%E9%83%BD%E6%B8%8B%E8%B0%B7%E5%8C%BA%E7%A5%9E%E5%AE%AE%E5%89%8D5-50-6%20%E4%B8%AD%E5%B3%B6%E3%83%93%E3%83%AB%20B1F,3.25
青山Indigo,原宿・表参道・青山,外苑前駅,東京,https://tabelog.com/tokyo/A1306/A130603/13008268/,東京都港区南青山2-22-1,https://www.google.com/maps/search/?api=1&query=%E6%9D%B1%E4%BA%AC%E9%83%BD%E6%B8%AF%E5%8C%BA%E5%8D%97%E9%9D%92%E5%B1%B12-22-1,3.44
The Burn,原宿・表参道・青山,青山一丁目駅,東京,https://tabelog.com/tokyo/A1306/A130603/13225589/,東京都港区北青山1-2-3 青山ビル B1F,https://www.google.com/maps/search/?api=1&query=%E6%9D%B1%E4%BA%AC%E9%83%BD%E6%B8%AF%E5%8C%BA%E5%8C%97%E9%9D%92%E5%B1%B11-2-3%20%E9%9D%92%E5%B1%B1%E3%83%93%E3%83%AB%20B1F,3.54
イータリー 原宿店,原宿・表参道・青山,原宿駅,東京,https://tabelog.com/tokyo/A1306/A130601/13245475/,東京都渋谷区神宮前 1-14-30 ウィズ原宿 3F,https://www.google.com/maps/search/?api=1&query=%E6%9D%B1%E4%BA%AC%E9%83%BD%E6%B8%8B%E8%B0%B7%E5%8C%BA%E7%A5%9E%E5%AE%AE%E5%89%8D%201-14-30%20%E3%82%A6%E3%82%A3%E3%82%BA%E5%8E%9F%E5%AE%BF%203F,3.42
ちゃい九炉 表参道 南青山三丁目店,原宿・表参道・青山,表参道駅,東京,https://tabelog.com/tokyo/A1306/A130602/13151777/,東京都港区南青山3-8-2 サンブリッジ青山 2F,https://www.google.com/maps/search/?api=1&query=%E6%9D%B1%E4%BA%AC%E9%83%BD%E6%B8%AF%E5%8C%BA%E5%8D%97%E9%9D%92%E5%B1%B13-8-2%20%E3%82%B5%E3%83%B3%E3%83%96%E3%83%AA%E3%83%83%E3%82%B8%E9%9D%92%E5%B1%B1%202F,3.02
Pak Soi 54,原宿・表参道・青山,明治神宮前駅,東京,https://tabelog.com/tokyo/A1306/A130601/13296782/,東京都渋谷区神宮前1-8-25 BU1825 原宿 202,https://www.google.com/maps/search/?api=1&query=%E6%9D%B1%E4%BA%AC%E9%83%BD%E6%B8%8B%E8%B0%B7%E5%8C%BA%E7%A5%9E%E5%AE%AE%E5%89%8D1-8-25%20BU1825%20%E5%8E%9F%E5%AE%BF%20202,3.06
原宿焼肉 KINTAN,原宿・表参道・青山,明治神宮前駅,東京,https://tabelog.com/tokyo/A1306/A130601/13186036/,東京都渋谷区神宮前1-10-37 CASCADE　Harajuku,https://www.google.com/maps/search/?api=1&query=%E6%9D%B1%E4%BA%AC%E9%83%BD%E6%B8%8B%E8%B0%B7%E5%8C%BA%E7%A5%9E%E5%AE%AE%E5%89%8D1-10-37%20CASCADE%E3%80%80Harajuku,3.48
vegan veggie 嫦娥,原宿・表参道・青山,表参道駅,東京,https://tabelog.com/tokyo/A1306/A130602/13271324/,東京都港区南青山6-2-13 ファイン青山 1F,https://www.google.com/maps/search/?api=1&query=%E6%9D%B1%E4%BA%AC%E9%83%BD%E6%B8%AF%E5%8C%BA%E5%8D%97%E9%9D%92%E5%B1%B16-2-13%20%E3%83%95%E3%82%A1%E3%82%A4%E3%83%B3%E9%9D%92%E5%B1%B1%201F,3.36
ひごの屋 外苑前店,原宿・表参道・青山,外苑前駅,東京,https://tabelog.com/tokyo/A1306/A130603/13034812/,東京都港区南青山2-27-28 グラン青山　２Ｆ,https://www.google.com/maps/search/?api=1&query=%E6%9D%B1%E4%BA%AC%E9%83%BD%E6%B8%AF%E5%8C%BA%E5%8D%97%E9%9D%92%E5%B1%B12-27-28%20%E3%82%B0%E3%83%A9%E3%83%B3%E9%9D%92%E5%B1%B1%E3%80%80%EF%BC%92%EF%BC%A6,3.25
織田style,原宿・表参道・青山,外苑前駅,東京,https://tabelog.com/tokyo/A1306/A130601/13296871/,東京都渋谷区神宮前3-31-2 1F,https://www.google.com/maps/search/?api=1&query=%E6%9D%B1%E4%BA%AC%E9%83%BD%E6%B8%8B%E8%B0%B7%E5%8C%BA%E7%A5%9E%E5%AE%AE%E5%89%8D3-31-2%201F,3.08
AnimA osteria e pizzeria,原宿・表参道・青山,表参道駅,東京,https://tabelog.com/tokyo/A1306/A130602/13226392/,東京都港区南青山3-12-1,https://www.google.com/maps/search/?api=1&query=%E6%9D%B1%E4%BA%AC%E9%83%BD%E6%B8%AF%E5%8C%BA%E5%8D%97%E9%9D%92%E5%B1%B13-12-1,3.42
肉汁餃子のダンダダン 青山一丁目店,原宿・表参道・青山,青山一丁目駅,東京,https://tabelog.com/tokyo/A1306/A130603/13202164/,東京都港区南青山1-3-6 都営南青山一丁目アパート6号棟 1Ｆ,https://www.google.com/maps/search/?api=1&query=%E6%9D%B1%E4%BA%AC%E9%83%BD%E6%B8%AF%E5%8C%BA%E5%8D%97%E9%9D%92%E5%B1%B11-3-6%20%E9%83%BD%E5%96%B6%E5%8D%97%E9%9D%92%E5%B1%B1%E4%B8%80%E4%B8%81%E7%9B%AE%E3%82%A2%E3%83%91%E3%83%BC%E3%83%886%E5%8F%B7%E6%A3%9F%201%EF%BC%A6,3.07
焼肉・薬膳鍋 雑草家,原宿・表参道・青山,外苑前駅,東京,https://tabelog.com/tokyo/A1306/A130603/13004388/,東京都港区南青山4-1-15 アルティカ・ベルテ・プラザ　Ｂ１Ｆ,https://www.google.com/maps/search/?api=1&query=%E6%9D%B1%E4%BA%AC%E9%83%BD%E6%B8%AF%E5%8C%BA%E5%8D%97%E9%9D%92%E5%B1%B14-1-15%20%E3%82%A2%E3%83%AB%E3%83%86%E3%82%A3%E3%82%AB%E3%83%BB%E3%83%99%E3%83%AB%E3%83%86%E3%83%BB%E3%83%97%E3%83%A9%E3%82%B6%E3%80%80%EF%BC%A2%EF%BC%91%EF%BC%A6,3.43
カフェ ラ・ボエム 北青山,原宿・表参道・青山,表参道駅,東京,https://tabelog.com/tokyo/A1306/A130602/13015582/,東京都港区北青山3-6-25,https://www.google.com/maps/search/?api=1&query=%E6%9D%B1%E4%BA%AC%E9%83%BD%E6%B8%AF%E5%8C%BA%E5%8C%97%E9%9D%92%E5%B1%B13-6-25,3.18
shiari samgyetang,原宿・表参道・青山,表参道駅,東京,https://tabelog.com/tokyo/A1306/A130602/13286336/,東京都渋谷区神宮前3-4-3 パークサイド表参道 1F,https://www.google.com/maps/search/?api=1&query=%E6%9D%B1%E4%BA%AC%E9%83%BD%E6%B8%8B%E8%B0%B7%E5%8C%BA%E7%A5%9E%E5%AE%AE%E5%89%8D3-4-3%20%E3%83%91%E3%83%BC%E3%82%AF%E3%82%B5%E3%82%A4%E3%83%89%E8%A1%A8%E5%8F%82%E9%81%93%201F,3.56
カフェ ラ・ボエム 表参道,原宿・表参道・青山,表参道駅,東京,https://tabelog.com/tokyo/A1306/A130602/13004712/,東京都渋谷区神宮前5-8-5 ジェビリープラザビル　Ｂ１Ｆ,https://www.google.com/maps/search/?api=1&query=%E6%9D%B1%E4%BA%AC%E9%83%BD%E6%B8%8B%E8%B0%B7%E5%8C%BA%E7%A5%9E%E5%AE%AE%E5%89%8D5-8-5%20%E3%82%B8%E3%82%A7%E3%83%93%E3%83%AA%E3%83%BC%E3%83%97%E3%83%A9%E3%82%B6%E3%83%93%E3%83%AB%E3%80%80%EF%BC%A2%EF%BC%91%EF%BC%A6,3.13
ダブルトールカフェ 原宿店,原宿・表参道・青山,明治神宮前駅,東京,https://tabelog.com/tokyo/A1306/A130601/13017556/,東京都渋谷区神宮前1-11-11 グリーンファンタジア　２Ｆ,https://www.google.com/maps/search/?api=1&query=%E6%9D%B1%E4%BA%AC%E9%83%BD%E6%B8%8B%E8%B0%B7%E5%8C%BA%E7%A5%9E%E5%AE%AE%E5%89%8D1-11-11%20%E3%82%B0%E3%83%AA%E3%83%BC%E3%83%B3%E3%83%95%E3%82%A1%E3%83%B3%E3%82%BF%E3%82%B8%E3%82%A2%E3%80%80%EF%BC%92%EF%BC%A6,3.49
LYFT CAFE,原宿・表参道・青山,表参道駅,東京,https://tabelog.com/tokyo/A1306/A130601/13287990/,東京都渋谷区神宮前4-12-10 表参道ヒルズ 本館 B3F,https://www.google.com/maps/search/?api=1&query=%E6%9D%B1%E4%BA%AC%E9%83%BD%E6%B8%8B%E8%B0%B7%E5%8C%BA%E7%A5%9E%E5%AE%AE%E5%89%8D4-12-10%20%E8%A1%A8%E5%8F%82%E9%81%93%E3%83%92%E3%83%AB%E3%82%BA%20%E6%9C%AC%E9%A4%A8%20B3F,3.08
幸せのパンケーキ 表参道店,原宿・表参道・青山,表参道駅,東京,https://tabelog.com/tokyo/A1306/A130602/13185068/,東京都渋谷区神宮前4-9-3 清原ビル B1F,https://www.google.com/maps/search/?api=1&query=%E6%9D%B1%E4%BA%AC%E9%83%BD%E6%B8%8B%E8%B0%B7%E5%8C%BA%E7%A5%9E%E5%AE%AE%E5%89%8D4-9-3%20%E6%B8%85%E5%8E%9F%E3%83%93%E3%83%AB%20B1F,3.34
とんかつ まい泉 青山本店,原宿・表参道・青山,表参道駅,東京,https://tabelog.com/tokyo/A1306/A130602/13001850/,東京都渋谷区神宮前4-8-5,https://www.google.com/maps/search/?api=1&query=%E6%9D%B1%E4%BA%AC%E9%83%BD%E6%B8%8B%E8%B0%B7%E5%8C%BA%E7%A5%9E%E5%AE%AE%E5%89%8D4-8-5,3.46
HohokamDINER,原宿・表参道・青山,明治神宮前駅,東京,https://tabelog.com/tokyo/A1306/A130601/13281700/,東京都渋谷区神宮前1-14-21 バルビゾン80 1F,https://www.google.com/maps/search/?api=1&query=%E6%9D%B1%E4%BA%AC%E9%83%BD%E6%B8%8B%E8%B0%B7%E5%8C%BA%E7%A5%9E%E5%AE%AE%E5%89%8D1-14-21%20%E3%83%90%E3%83%AB%E3%83%93%E3%82%BE%E3%83%B380%201F,3.43
カフェ・マスミヤ,原宿・表参道・青山,原宿駅,東京,https://tabelog.com/tokyo/A1306/A130601/13031506/,東京都渋谷区神宮前1-20-13 ノーサレンダービル　１Ｆ,https://www.google.com/maps/search/?api=1&query=%E6%9D%B1%E4%BA%AC%E9%83%BD%E6%B8%8B%E8%B0%B7%E5%8C%BA%E7%A5%9E%E5%AE%AE%E5%89%8D1-20-13%20%E3%83%8E%E3%83%BC%E3%82%B5%E3%83%AC%E3%83%B3%E3%83%80%E3%83%BC%E3%83%93%E3%83%AB%E3%80%80%EF%BC%91%EF%BC%A6,3.40
sangria 青山店,原宿・表参道・青山,表参道駅,東京,https://tabelog.com/tokyo/A1306/A130601/13160707/,東京都港区北青山3-5-14 青山鈴木硝子ビル 2F,https://www.google.com/maps/search/?api=1&query=%E6%9D%B1%E4%BA%AC%E9%83%BD%E6%B8%AF%E5%8C%BA%E5%8C%97%E9%9D%92%E5%B1%B13-5-14%20%E9%9D%92%E5%B1%B1%E9%88%B4%E6%9C%A8%E7%A1%9D%E5%AD%90%E3%83%93%E3%83%AB%202F,3.45
大衆酒場 北海道ながまれ 外苑前,原宿・表参道・青山,外苑前駅,東京,https://tabelog.com/tokyo/A1306/A130603/13202375/,東京都港区北青山2-9-8 セントラルレジデンス北青山アクシルコート 1F,https://www.google.com/maps/search/?api=1&query=%E6%9D%B1%E4%BA%AC%E9%83%BD%E6%B8%AF%E5%8C%BA%E5%8C%97%E9%9D%92%E5%B1%B12-9-8%20%E3%82%BB%E3%83%B3%E3%83%88%E3%83%A9%E3%83%AB%E3%83%AC%E3%82%B8%E3%83%87%E3%83%B3%E3%82%B9%E5%8C%97%E9%9D%92%E5%B1%B1%E3%82%A2%E3%82%AF%E3%82%B7%E3%83%AB%E3%82%B3%E3%83%BC%E3%83%88%201F,3.34
Blue Garden,原宿・表参道・青山,原宿駅,東京,https://tabelog.com/tokyo/A1306/A130601/13110171/,東京都渋谷区神宮前1-15-4,https://www.google.com/maps/search/?api=1&query=%E6%9D%B1%E4%BA%AC%E9%83%BD%E6%B8%8B%E8%B0%B7%E5%8C%BA%E7%A5%9E%E5%AE%AE%E5%89%8D1-15-4,3.43
TGIフライデーズ 原宿店,原宿・表参道・青山,明治神宮前駅,東京,https://tabelog.com/tokyo/A1306/A130601/13113003/,東京都渋谷区神宮前6-3-2,https://www.google.com/maps/search/?api=1&query=%E6%9D%B1%E4%BA%AC%E9%83%BD%E6%B8%8B%E8%B0%B7%E5%8C%BA%E7%A5%9E%E5%AE%AE%E5%89%8D6-3-2,3.09
十割蕎麦 否否三杯,原宿・表参道・青山,青山一丁目駅,東京,https://tabelog.com/tokyo/A1306/A130603/13225341/,東京都港区北青山1-2-3 青山ビルヂング B1F,https://www.google.com/maps/search/?api=1&query=%E6%9D%B1%E4%BA%AC%E9%83%BD%E6%B8%AF%E5%8C%BA%E5%8C%97%E9%9D%92%E5%B1%B11-2-3%20%E9%9D%92%E5%B1%B1%E3%83%93%E3%83%AB%E3%83%82%E3%83%B3%E3%82%B0%20B1F,3.45
意気な寿し処阿部 青山店,原宿・表参道・青山,表参道駅,東京,https://tabelog.com/tokyo/A1306/A130602/13250987/,東京都渋谷区神宮前5-46-7 GEMS青山CROSS B1F,https://www.google.com/maps/search/?api=1&query=%E6%9D%B1%E4%BA%AC%E9%83%BD%E6%B8%8B%E8%B0%B7%E5%8C%BA%E7%A5%9E%E5%AE%AE%E5%89%8D5-46-7%20GEMS%E9%9D%92%E5%B1%B1CROSS%20B1F,3.45
エル フォー ユー,原宿・表参道・青山,表参道駅,東京,https://tabelog.com/tokyo/A1306/A130602/13213263/,東京都港区南青山3-9-3 池上ビル 1F,https://www.google.com/maps/search/?api=1&query=%E6%9D%B1%E4%BA%AC%E9%83%BD%E6%B8%AF%E5%8C%BA%E5%8D%97%E9%9D%92%E5%B1%B13-9-3%20%E6%B1%A0%E4%B8%8A%E3%83%93%E3%83%AB%201F,3.47
LINA STORES,原宿・表参道・青山,表参道駅,東京,https://tabelog.com/tokyo/A1306/A130602/13261306/,東京都港区北青山3-10-5 スプリングテラス表参道 1F,https://www.google.com/maps/search/?api=1&query=%E6%9D%B1%E4%BA%AC%E9%83%BD%E6%B8%AF%E5%8C%BA%E5%8C%97%E9%9D%92%E5%B1%B13-10-5%20%E3%82%B9%E3%83%97%E3%83%AA%E3%83%B3%E3%82%B0%E3%83%86%E3%83%A9%E3%82%B9%E8%A1%A8%E5%8F%82%E9%81%93%201F,3.49
UMAMI BURGER 青山店,原宿・表参道・青山,表参道駅,東京,https://tabelog.com/tokyo/A1306/A130602/13206538/,東京都港区北青山3-15-5 ポルトフィーノ 1F,https://www.google.com/maps/search/?api=1&query=%E6%9D%B1%E4%BA%AC%E9%83%BD%E6%B8%AF%E5%8C%BA%E5%8C%97%E9%9D%92%E5%B1%B13-15-5%20%E3%83%9D%E3%83%AB%E3%83%88%E3%83%95%E3%82%A3%E3%83%BC%E3%83%8E%201F,3.42
カフェ・マディ 青山店,原宿・表参道・青山,表参道駅,東京,https://tabelog.com/tokyo/A1306/A130602/13012692/,東京都港区南青山5-8-1 セーヌアキラ 1F,https://www.google.com/maps/search/?api=1&query=%E6%9D%B1%E4%BA%AC%E9%83%BD%E6%B8%AF%E5%8C%BA%E5%8D%97%E9%9D%92%E5%B1%B15-8-1%20%E3%82%BB%E3%83%BC%E3%83%8C%E3%82%A2%E3%82%AD%E3%83%A9%201F,3.45
Mar Mare,原宿・表参道・青山,外苑前駅,東京,https://tabelog.com/tokyo/A1306/A130603/13280978/,東京都港区北青山2-7-25 神宮外苑ビル 1F,https://www.google.com/maps/search/?api=1&query=%E6%9D%B1%E4%BA%AC%E9%83%BD%E6%B8%AF%E5%8C%BA%E5%8C%97%E9%9D%92%E5%B1%B12-7-25%20%E7%A5%9E%E5%AE%AE%E5%A4%96%E8%8B%91%E3%83%93%E3%83%AB%201F,3.41
タヒチ,原宿・表参道・青山,表参道駅,東京,https://tabelog.com/tokyo/A1306/A130602/13010738/,東京都港区南青山4-27-17,https://www.google.com/maps/search/?api=1&query=%E6%9D%B1%E4%BA%AC%E9%83%BD%E6%B8%AF%E5%8C%BA%E5%8D%97%E9%9D%92%E5%B1%B14-27-17,3.51
Q-pot CAFE. 表参道本店,原宿・表参道・青山,表参道駅,東京,https://tabelog.com/tokyo/A1306/A130602/13146636/,東京都渋谷区神宮前3‐4‐8 1F,https://www.google.com/maps/search/?api=1&query=%E6%9D%B1%E4%BA%AC%E9%83%BD%E6%B8%8B%E8%B0%B7%E5%8C%BA%E7%A5%9E%E5%AE%AE%E5%89%8D3%E2%80%904%E2%80%908%201F,3.39
A to Z cafe,原宿・表参道・青山,表参道駅,東京,https://tabelog.com/tokyo/A1306/A130602/13021722/,東京都港区南青山5-8-3 equboビル 5F,https://www.google.com/maps/search/?api=1&query=%E6%9D%B1%E4%BA%AC%E9%83%BD%E6%B8%AF%E5%8C%BA%E5%8D%97%E9%9D%92%E5%B1%B15-8-3%20equbo%E3%83%93%E3%83%AB%205F,3.56
中国茶房8 青山店,原宿・表参道・青山,表参道駅,東京,https://tabelog.com/tokyo/A1306/A130602/13182640/,東京都渋谷区神宮前5-51-8 ラポルト青山 B1F,https://www.google.com/maps/search/?api=1&query=%E6%9D%B1%E4%BA%AC%E9%83%BD%E6%B8%8B%E8%B0%B7%E5%8C%BA%E7%A5%9E%E5%AE%AE%E5%89%8D5-51-8%20%E3%83%A9%E3%83%9D%E3%83%AB%E3%83%88%E9%9D%92%E5%B1%B1%20B1F,3.34
青山 星のなる木,原宿・表参道・青山,表参道駅,東京,https://tabelog.com/tokyo/A1306/A130602/13019450/,東京都渋谷区神宮前5-51-8 ラ・ポルト青山　４Ｆ,https://www.google.com/maps/search/?api=1&query=%E6%9D%B1%E4%BA%AC%E9%83%BD%E6%B8%8B%E8%B0%B7%E5%8C%BA%E7%A5%9E%E5%AE%AE%E5%89%8D5-51-8%20%E3%83%A9%E3%83%BB%E3%83%9D%E3%83%AB%E3%83%88%E9%9D%92%E5%B1%B1%E3%80%80%EF%BC%94%EF%BC%A6,3.47
ひごの屋 表参道店,原宿・表参道・青山,表参道駅,東京,https://tabelog.com/tokyo/A1306/A130602/13034811/,東京都港区南青山3-18-17 エイジービル　Ｂ１Ｆ,https://www.google.com/maps/search/?api=1&query=%E6%9D%B1%E4%BA%AC%E9%83%BD%E6%B8%AF%E5%8C%BA%E5%8D%97%E9%9D%92%E5%B1%B13-18-17%20%E3%82%A8%E3%82%A4%E3%82%B8%E3%83%BC%E3%83%93%E3%83%AB%E3%80%80%EF%BC%A2%EF%BC%91%EF%BC%A6,3.09
JENNIFER SEVEN,原宿・表参道・青山,明治神宮前駅,東京,https://tabelog.com/tokyo/A1306/A130601/13275425/,東京都渋谷区神宮前6-12-6 1F,https://www.google.com/maps/search/?api=1&query=%E6%9D%B1%E4%BA%AC%E9%83%BD%E6%B8%8B%E8%B0%B7%E5%8C%BA%E7%A5%9E%E5%AE%AE%E5%89%8D6-12-6%201F,3.38
YONA YONA BEER WORKS 青山店,原宿・表参道・青山,表参道駅,東京,https://tabelog.com/tokyo/A1306/A130602/13188200/,東京都港区南青山3-18-20 松本ビル B1F,https://www.google.com/maps/search/?api=1&query=%E6%9D%B1%E4%BA%AC%E9%83%BD%E6%B8%AF%E5%8C%BA%E5%8D%97%E9%9D%92%E5%B1%B13-18-20%20%E6%9D%BE%E6%9C%AC%E3%83%93%E3%83%AB%20B1F,3.48
BEYOND SWEETS 表参道店,原宿・表参道・青山,表参道駅,東京,https://tabelog.com/tokyo/A1306/A130602/13290594/,東京都港区南⻘山3-13-9 ⻘山パティオ 1F,https://www.google.com/maps/search/?api=1&query=%E6%9D%B1%E4%BA%AC%E9%83%BD%E6%B8%AF%E5%8C%BA%E5%8D%97%E2%BB%98%E5%B1%B13-13-9%20%E2%BB%98%E5%B1%B1%E3%83%91%E3%83%86%E3%82%A3%E3%82%AA%201F,3.31
神宮前 らかん・果,原宿・表参道・青山,外苑前駅,東京,https://tabelog.com/tokyo/A1306/A130603/13229558/,東京都渋谷区神宮前3-7-8 ブレノワール青山ビル 1・2F,https://www.google.com/maps/search/?api=1&query=%E6%9D%B1%E4%BA%AC%E9%83%BD%E6%B8%8B%E8%B0%B7%E5%8C%BA%E7%A5%9E%E5%AE%AE%E5%89%8D3-7-8%20%E3%83%96%E3%83%AC%E3%83%8E%E3%83%AF%E3%83%BC%E3%83%AB%E9%9D%92%E5%B1%B1%E3%83%93%E3%83%AB%201%E3%83%BB2F,3.48
蕎麦青乃,原宿・表参道・青山,表参道駅,東京,https://tabelog.com/tokyo/A1306/A130602/13239195/,東京都港区南青山5-7-17 B1F,https://www.google.com/maps/search/?api=1&query=%E6%9D%B1%E4%BA%AC%E9%83%BD%E6%B8%AF%E5%8C%BA%E5%8D%97%E9%9D%92%E5%B1%B15-7-17%20B1F,3.38
バルバッコア 青山本店,原宿・表参道・青山,表参道駅,東京,https://tabelog.com/tokyo/A1306/A130602/13003475/,東京都渋谷区神宮前4-3-2 ＴＯＫＹＵ　ＲＥＩＴ表参道スクエア　Ｂ１Ｆ,https://www.google.com/maps/search/?api=1&query=%E6%9D%B1%E4%BA%AC%E9%83%BD%E6%B8%8B%E8%B0%B7%E5%8C%BA%E7%A5%9E%E5%AE%AE%E5%89%8D4-3-2%20%EF%BC%B4%EF%BC%AF%EF%BC%AB%EF%BC%B9%EF%BC%B5%E3%80%80%EF%BC%B2%EF%BC%A5%EF%BC%A9%EF%BC%B4%E8%A1%A8%E5%8F%82%E9%81%93%E3%82%B9%E3%82%AF%E3%82%A8%E3%82%A2%E3%80%80%EF%BC%A2%EF%BC%91%EF%BC%A6,3.51
キハチ 青山本店,原宿・表参道・青山,外苑前駅,東京,https://tabelog.com/tokyo/A1306/A130603/13154460/,東京都港区北青山2-1-19,https://www.google.com/maps/search/?api=1&query=%E6%9D%B1%E4%BA%AC%E9%83%BD%E6%B8%AF%E5%8C%BA%E5%8C%97%E9%9D%92%E5%B1%B12-1-19,3.51
PURPLE COFFEE,原宿・表参道・青山,原宿駅,東京,https://tabelog.com/tokyo/A1306/A130601/13300095/,東京都渋谷区神宮前1-20-4 AXIA原宿 1F,https://www.google.com/maps/search/?api=1&query=%E6%9D%B1%E4%BA%AC%E9%83%BD%E6%B8%8B%E8%B0%B7%E5%8C%BA%E7%A5%9E%E5%AE%AE%E5%89%8D1-20-4%20AXIA%E5%8E%9F%E5%AE%BF%201F,3.24
HealthyTOKYO CBD Shop&Cafe Harajuku,原宿・表参道・青山,明治神宮前駅,東京,https://tabelog.com/tokyo/A1306/A130601/13244241/,東京都渋谷区神宮前3-27-14,https://www.google.com/maps/search/?api=1&query=%E6%9D%B1%E4%BA%AC%E9%83%BD%E6%B8%8B%E8%B0%B7%E5%8C%BA%E7%A5%9E%E5%AE%AE%E5%89%8D3-27-14,3.09
ピーディーエックス タップルーム,原宿・表参道・青山,明治神宮前駅,東京,https://tabelog.com/tokyo/A1306/A130601/13186707/,東京都渋谷区神宮前5-30-2 2F,https://www.google.com/maps/search/?api=1&query=%E6%9D%B1%E4%BA%AC%E9%83%BD%E6%B8%8B%E8%B0%B7%E5%8C%BA%E7%A5%9E%E5%AE%AE%E5%89%8D5-30-2%202F,3.39
おすし屋さんのポークたまごおにぎり,原宿・表参道・青山,明治神宮前駅,東京,https://tabelog.com/tokyo/A1306/A130601/13265087/,東京都渋谷区神宮前6-2-7,https://www.google.com/maps/search/?api=1&query=%E6%9D%B1%E4%BA%AC%E9%83%BD%E6%B8%8B%E8%B0%B7%E5%8C%BA%E7%A5%9E%E5%AE%AE%E5%89%8D6-2-7,3.21
ジャジーズ スピークイージー スパイシーカレー＆グッドコーヒー,原宿・表参道・青山,外苑前駅,東京,https://tabelog.com/tokyo/A1306/A130603/13246140/,東京都港区南青山3-2-6,https://www.google.com/maps/search/?api=1&query=%E6%9D%B1%E4%BA%AC%E9%83%BD%E6%B8%AF%E5%8C%BA%E5%8D%97%E9%9D%92%E5%B1%B13-2-6,3.09
ローストビーフ大野 原宿店,原宿・表参道・青山,明治神宮前駅,東京,https://tabelog.com/tokyo/A1306/A130601/13195738/,東京都渋谷区神宮前4-31-10 YMスクウェア B1F,https://www.google.com/maps/search/?api=1&query=%E6%9D%B1%E4%BA%AC%E9%83%BD%E6%B8%8B%E8%B0%B7%E5%8C%BA%E7%A5%9E%E5%AE%AE%E5%89%8D4-31-10%20YM%E3%82%B9%E3%82%AF%E3%82%A6%E3%82%A7%E3%82%A2%20B1F,3.41
サブウェイ 表参道店,原宿・表参道・青山,表参道駅,東京,https://tabelog.com/tokyo/A1306/A130602/13040695/,東京都港区北青山3-5-25 下島ビル1F(表参道交差点前),https://www.google.com/maps/search/?api=1&query=%E6%9D%B1%E4%BA%AC%E9%83%BD%E6%B8%AF%E5%8C%BA%E5%8C%97%E9%9D%92%E5%B1%B13-5-25%20%E4%B8%8B%E5%B3%B6%E3%83%93%E3%83%AB1F%28%E8%A1%A8%E5%8F%82%E9%81%93%E4%BA%A4%E5%B7%AE%E7%82%B9%E5%89%8D%29,3.07
PIZZERIA SPONTINI カスケード原宿店,原宿・表参道・青山,明治神宮前駅,東京,https://tabelog.com/tokyo/A1306/A130601/13188197/,東京都渋谷区神宮前1-10-37 CASCADE HARAJUKU 2F,https://www.google.com/maps/search/?api=1&query=%E6%9D%B1%E4%BA%AC%E9%83%BD%E6%B8%8B%E8%B0%B7%E5%8C%BA%E7%A5%9E%E5%AE%AE%E5%89%8D1-10-37%20CASCADE%20HARAJUKU%202F,3.48
AFURI 南青山,原宿・表参道・青山,表参道駅,東京,https://tabelog.com/tokyo/A1306/A130602/13298970/,東京都港区南青山5-6-4 ハイトリオ南青山 B1F,https://www.google.com/maps/search/?api=1&query=%E6%9D%B1%E4%BA%AC%E9%83%BD%E6%B8%AF%E5%8C%BA%E5%8D%97%E9%9D%92%E5%B1%B15-6-4%20%E3%83%8F%E3%82%A4%E3%83%88%E3%83%AA%E3%82%AA%E5%8D%97%E9%9D%92%E5%B1%B1%20B1F,3.05
MINOAKA DELI & CAFE,原宿・表参道・青山,外苑前駅,東京,https://tabelog.com/tokyo/A1306/A130603/13294344/,東京都渋谷区神宮前2-6-10 CORAL Bldg. 1F,https://www.google.com/maps/search/?api=1&query=%E6%9D%B1%E4%BA%AC%E9%83%BD%E6%B8%8B%E8%B0%B7%E5%8C%BA%E7%A5%9E%E5%AE%AE%E5%89%8D2-6-10%20CORAL%20Bldg.%201F,3.08
Rojiura Curry SAMURAI. 原宿店,原宿・表参道・青山,原宿駅,東京,https://tabelog.com/tokyo/A1306/A130601/13281499/,東京都渋谷区神宮前1-2-14,https://www.google.com/maps/search/?api=1&query=%E6%9D%B1%E4%BA%AC%E9%83%BD%E6%B8%8B%E8%B0%B7%E5%8C%BA%E7%A5%9E%E5%AE%AE%E5%89%8D1-2-14,3.09
TOKYO SPICE ななCURRY 青山,原宿・表参道・青山,外苑前駅,東京,https://tabelog.com/tokyo/A1306/A130603/13260956/,東京都港区北青山2-12-27 ハレクラニ北青山 1F,https://www.google.com/maps/search/?api=1&query=%E6%9D%B1%E4%BA%AC%E9%83%BD%E6%B8%AF%E5%8C%BA%E5%8C%97%E9%9D%92%E5%B1%B12-12-27%20%E3%83%8F%E3%83%AC%E3%82%AF%E3%83%A9%E3%83%8B%E5%8C%97%E9%9D%92%E5%B1%B1%201F,3.38
インド定食 ターリー屋 新青山ビル店,原宿・表参道・青山,青山一丁目駅,東京,https://tabelog.com/tokyo/A1306/A130603/13132140/,東京都港区南青山1-1-1 新青山ビル東館 B1F,https://www.google.com/maps/search/?api=1&query=%E6%9D%B1%E4%BA%AC%E9%83%BD%E6%B8%AF%E5%8C%BA%E5%8D%97%E9%9D%92%E5%B1%B11-1-1%20%E6%96%B0%E9%9D%92%E5%B1%B1%E3%83%93%E3%83%AB%E6%9D%B1%E9%A4%A8%20B1F,3.05
ごっつ食べなはれ 表参道店,原宿・表参道・青山,表参道駅,東京,https://tabelog.com/tokyo/A1306/A130602/13252422/,東京都渋谷区神宮前4-9-4 1F,https://www.google.com/maps/search/?api=1&query=%E6%9D%B1%E4%BA%AC%E9%83%BD%E6%B8%8B%E8%B0%B7%E5%8C%BA%E7%A5%9E%E5%AE%AE%E5%89%8D4-9-4%201F,3.04
南青山カフェ,原宿・表参道・青山,外苑前駅,東京,https://tabelog.com/tokyo/A1306/A130603/13269180/,東京都港区南青山4-2-1 1F,https://www.google.com/maps/search/?api=1&query=%E6%9D%B1%E4%BA%AC%E9%83%BD%E6%B8%AF%E5%8C%BA%E5%8D%97%E9%9D%92%E5%B1%B14-2-1%201F,3.06
THE GREAT BURGER,原宿・表参道・青山,明治神宮前駅,東京,https://tabelog.com/tokyo/A1306/A130601/13042654/,東京都渋谷区神宮前6-12-5 1Ｆ,https://www.google.com/maps/search/?api=1&query=%E6%9D%B1%E4%BA%AC%E9%83%BD%E6%B8%8B%E8%B0%B7%E5%8C%BA%E7%A5%9E%E5%AE%AE%E5%89%8D6-12-5%201%EF%BC%A6,3.69
青山酒場,原宿・表参道・青山,青山一丁目駅,東京,https://tabelog.com/tokyo/A1306/A130603/13240619/,東京都港区南青山2-2-15 ウイン青山 1F,https://www.google.com/maps/search/?api=1&query=%E6%9D%B1%E4%BA%AC%E9%83%BD%E6%B8%AF%E5%8C%BA%E5%8D%97%E9%9D%92%E5%B1%B12-2-15%20%E3%82%A6%E3%82%A4%E3%83%B3%E9%9D%92%E5%B1%B1%201F,3.11
GRANNY SMITH  APPLE PIE & COFFEE 青山店,原宿・表参道・青山,表参道駅,東京,https://tabelog.com/tokyo/A1306/A130602/13160850/,東京都港区南青山5-8-9,https://www.google.com/maps/search/?api=1&query=%E6%9D%B1%E4%BA%AC%E9%83%BD%E6%B8%AF%E5%8C%BA%E5%8D%97%E9%9D%92%E5%B1%B15-8-9,3.61
ピコデガヨ,原宿・表参道・青山,明治神宮前駅,東京,https://tabelog.com/tokyo/A1306/A130601/13283299/,東京都渋谷区神宮前6-4-2 神宮前Fビル 1F,https://www.google.com/maps/search/?api=1&query=%E6%9D%B1%E4%BA%AC%E9%83%BD%E6%B8%8B%E8%B0%B7%E5%8C%BA%E7%A5%9E%E5%AE%AE%E5%89%8D6-4-2%20%E7%A5%9E%E5%AE%AE%E5%89%8DF%E3%83%93%E3%83%AB%201F,3.24
C.O.D,原宿・表参道・青山,外苑前駅,東京,https://tabelog.com/tokyo/A1306/A130603/13115741/,東京都港区北青山2-11-17,https://www.google.com/maps/search/?api=1&query=%E6%9D%B1%E4%BA%AC%E9%83%BD%E6%B8%AF%E5%8C%BA%E5%8C%97%E9%9D%92%E5%B1%B12-11-17,3.33
しずる,原宿・表参道・青山,明治神宮前駅,東京,https://tabelog.com/tokyo/A1306/A130601/13211741/,東京都渋谷区神宮前4-26-28,https://www.google.com/maps/search/?api=1&query=%E6%9D%B1%E4%BA%AC%E9%83%BD%E6%B8%8B%E8%B0%B7%E5%8C%BA%E7%A5%9E%E5%AE%AE%E5%89%8D4-26-28,3.28
ウズナ オムオム,原宿・表参道・青山,明治神宮前駅,東京,https://tabelog.com/tokyo/A1306/A130601/13046132/,東京都渋谷区神宮前5-17-8 原宿XS203号　2F,https://www.google.com/maps/search/?api=1&query=%E6%9D%B1%E4%BA%AC%E9%83%BD%E6%B8%8B%E8%B0%B7%E5%8C%BA%E7%A5%9E%E5%AE%AE%E5%89%8D5-17-8%20%E5%8E%9F%E5%AE%BFXS203%E5%8F%B7%E3%80%802F,3.55
カフィアライム,原宿・表参道・青山,明治神宮前駅,東京,https://tabelog.com/tokyo/A1306/A130601/13258319/,東京都渋谷区神宮前6-6-2 原宿ベルピアビル 2F,https://www.google.com/maps/search/?api=1&query=%E6%9D%B1%E4%BA%AC%E9%83%BD%E6%B8%8B%E8%B0%B7%E5%8C%BA%E7%A5%9E%E5%AE%AE%E5%89%8D6-6-2%20%E5%8E%9F%E5%AE%BF%E3%83%99%E3%83%AB%E3%83%94%E3%82%A2%E3%83%93%E3%83%AB%202F,3.43
ラ･スコリエーラ,原宿・表参道・青山,赤坂駅,東京,https://tabelog.com/tokyo/A1306/A130603/13002849/,東京都港区赤坂4-15-1 赤坂ガーデンシティ　Ｂ１Ｆ,https://www.google.com/maps/search/?api=1&query=%E6%9D%B1%E4%BA%AC%E9%83%BD%E6%B8%AF%E5%8C%BA%E8%B5%A4%E5%9D%824-15-1%20%E8%B5%A4%E5%9D%82%E3%82%AC%E3%83%BC%E3%83%87%E3%83%B3%E3%82%B7%E3%83%86%E3%82%A3%E3%80%80%EF%BC%A2%EF%BC%91%EF%BC%A6,3.57
GOKU BURGER,原宿・表参道・青山,表参道駅,東京,https://tabelog.com/tokyo/A1306/A130602/13236739/,東京都渋谷区神宮前5-8-5 ジュビリープラザビル 2F,https://www.google.com/maps/search/?api=1&query=%E6%9D%B1%E4%BA%AC%E9%83%BD%E6%B8%8B%E8%B0%B7%E5%8C%BA%E7%A5%9E%E5%AE%AE%E5%89%8D5-8-5%20%E3%82%B8%E3%83%A5%E3%83%93%E3%83%AA%E3%83%BC%E3%83%97%E3%83%A9%E3%82%B6%E3%83%93%E3%83%AB%202F,3.48
ステーキのくいしんぼ 青山店,原宿・表参道・青山,外苑前駅,東京,https://tabelog.com/tokyo/A1306/A130603/13055454/,東京都港区北青山2-7-21 青山アイアイビル　Ｂ１Ｆ,https://www.google.com/maps/search/?api=1&query=%E6%9D%B1%E4%BA%AC%E9%83%BD%E6%B8%AF%E5%8C%BA%E5%8C%97%E9%9D%92%E5%B1%B12-7-21%20%E9%9D%92%E5%B1%B1%E3%82%A2%E3%82%A4%E3%82%A2%E3%82%A4%E3%83%93%E3%83%AB%E3%80%80%EF%BC%A2%EF%BC%91%EF%BC%A6,3.04
cf. HARAJUKU,原宿・表参道・青山,明治神宮前駅,東京,https://tabelog.com/tokyo/A1306/A130601/13291801/,東京都渋谷区神宮前1-9-30 FLEG原宿 1F,https://www.google.com/maps/search/?api=1&query=%E6%9D%B1%E4%BA%AC%E9%83%BD%E6%B8%8B%E8%B0%B7%E5%8C%BA%E7%A5%9E%E5%AE%AE%E5%89%8D1-9-30%20FLEG%E5%8E%9F%E5%AE%BF%201F,3.09
マリーンハウス 原宿店,原宿・表参道・青山,明治神宮前駅,東京,https://tabelog.com/tokyo/A1306/A130601/13254526/,東京都渋谷区神宮前1-10-37 カスケード原宿 1F,https://www.google.com/maps/search/?api=1&query=%E6%9D%B1%E4%BA%AC%E9%83%BD%E6%B8%8B%E8%B0%B7%E5%8C%BA%E7%A5%9E%E5%AE%AE%E5%89%8D1-10-37%20%E3%82%AB%E3%82%B9%E3%82%B1%E3%83%BC%E3%83%89%E5%8E%9F%E5%AE%BF%201F,3.18
ラ・ブーレット,原宿・表参道・青山,原宿駅,東京,https://tabelog.com/tokyo/A1306/A130601/13014493/,東京都渋谷区神宮前1-16-3,https://www.google.com/maps/search/?api=1&query=%E6%9D%B1%E4%BA%AC%E9%83%BD%E6%B8%8B%E8%B0%B7%E5%8C%BA%E7%A5%9E%E5%AE%AE%E5%89%8D1-16-3,3.40
The Beet,原宿・表参道・青山,明治神宮前駅,東京,https://tabelog.com/tokyo/A1306/A130601/13292758/,東京都渋谷区神宮前5-16-5,https://www.google.com/maps/search/?api=1&query=%E6%9D%B1%E4%BA%AC%E9%83%BD%E6%B8%8B%E8%B0%B7%E5%8C%BA%E7%A5%9E%E5%AE%AE%E5%89%8D5-16-5,3.23
Tokyo Juice,原宿・表参道・青山,外苑前駅,東京,https://tabelog.com/tokyo/A1306/A130603/13234439/,東京都渋谷区神宮前3-1-24 ソフトタウン 1F,https://www.google.com/maps/search/?api=1&query=%E6%9D%B1%E4%BA%AC%E9%83%BD%E6%B8%8B%E8%B0%B7%E5%8C%BA%E7%A5%9E%E5%AE%AE%E5%89%8D3-1-24%20%E3%82%BD%E3%83%95%E3%83%88%E3%82%BF%E3%82%A6%E3%83%B3%201F,3.46
ラーメンロックマウンテン,原宿・表参道・青山,表参道駅,東京,https://tabelog.com/tokyo/A1306/A130602/13292884/,東京都港区北青山3-5-9,https://www.google.com/maps/search/?api=1&query=%E6%9D%B1%E4%BA%AC%E9%83%BD%E6%B8%AF%E5%8C%BA%E5%8C%97%E9%9D%92%E5%B1%B13-5-9,3.42
ピッツァ ケベロス 明治神宮前店,原宿・表参道・青山,明治神宮前駅,東京,https://tabelog.com/tokyo/A1306/A130601/13171079/,東京都渋谷区神宮前6-12-4 ヒダノビル 1F,https://www.google.com/maps/search/?api=1&query=%E6%9D%B1%E4%BA%AC%E9%83%BD%E6%B8%8B%E8%B0%B7%E5%8C%BA%E7%A5%9E%E5%AE%AE%E5%89%8D6-12-4%20%E3%83%92%E3%83%80%E3%83%8E%E3%83%93%E3%83%AB%201F,3.61
ドトールコーヒーショップ 原宿店,原宿・表参道・青山,明治神宮前駅,東京,https://tabelog.com/tokyo/A1306/A130601/13034113/,東京都渋谷区神宮前1-13-18 第２大英ビル Ｆ１＆Ｆ２,https://www.google.com/maps/search/?api=1&query=%E6%9D%B1%E4%BA%AC%E9%83%BD%E6%B8%8B%E8%B0%B7%E5%8C%BA%E7%A5%9E%E5%AE%AE%E5%89%8D1-13-18%20%E7%AC%AC%EF%BC%92%E5%A4%A7%E8%8B%B1%E3%83%93%E3%83%AB%20%EF%BC%A6%EF%BC%91%EF%BC%86%EF%BC%A6%EF%BC%92,3.05
CAROLINE DINER,原宿・表参道・青山,外苑前駅,東京,https://tabelog.com/tokyo/A1306/A130601/13189280/,東京都渋谷区神宮前2-14-11 1F,https://www.google.com/maps/search/?api=1&query=%E6%9D%B1%E4%BA%AC%E9%83%BD%E6%B8%8B%E8%B0%B7%E5%8C%BA%E7%A5%9E%E5%AE%AE%E5%89%8D2-14-11%201F,3.12
アイランド・ヴィンテージ・コーヒー 表参道店,原宿・表参道・青山,明治神宮前駅,東京,https://tabelog.com/tokyo/A1306/A130601/13178497/,東京都渋谷区神宮前6-1-10 富士鳥居ビル 2F,https://www.google.com/maps/search/?api=1&query=%E6%9D%B1%E4%BA%AC%E9%83%BD%E6%B8%8B%E8%B0%B7%E5%8C%BA%E7%A5%9E%E5%AE%AE%E5%89%8D6-1-10%20%E5%AF%8C%E5%A3%AB%E9%B3%A5%E5%B1%85%E3%83%93%E3%83%AB%202F,3.49
Café Kitsuné Aoyama,原宿・表参道・青山,表参道駅,東京,https://tabelog.com/tokyo/A1306/A130602/13240776/,東京都港区南青山3-15-9,https://www.google.com/maps/search/?api=1&query=%E6%9D%B1%E4%BA%AC%E9%83%BD%E6%B8%AF%E5%8C%BA%E5%8D%97%E9%9D%92%E5%B1%B13-15-9,3.59
NOA COFFEE 原宿店,原宿・表参道・青山,原宿駅,東京,https://tabelog.com/tokyo/A1306/A130601/13055769/,東京都渋谷区神宮前1-17-5,https://www.google.com/maps/search/?api=1&query=%E6%9D%B1%E4%BA%AC%E9%83%BD%E6%B8%8B%E8%B0%B7%E5%8C%BA%E7%A5%9E%E5%AE%AE%E5%89%8D1-17-5,3.41
バサノバ 原宿,原宿・表参道・青山,原宿駅,東京,https://tabelog.com/tokyo/A1306/A130601/13243660/,東京都渋谷区神宮前1-15-4 バルビゾン76番館 1F A号室,https://www.google.com/maps/search/?api=1&query=%E6%9D%B1%E4%BA%AC%E9%83%BD%E6%B8%8B%E8%B0%B7%E5%8C%BA%E7%A5%9E%E5%AE%AE%E5%89%8D1-15-4%20%E3%83%90%E3%83%AB%E3%83%93%E3%82%BE%E3%83%B376%E7%95%AA%E9%A4%A8%201F%20A%E5%8F%B7%E5%AE%A4,3.49
BRISKSTAND OMOTESANDO,原宿・表参道・青山,表参道駅,東京,https://tabelog.com/tokyo/A1306/A130602/13302086/,東京都渋谷区神宮前4-4-4 B-Flat COMMUNE,https://www.google.com/maps/search/?api=1&query=%E6%9D%B1%E4%BA%AC%E9%83%BD%E6%B8%8B%E8%B0%B7%E5%8C%BA%E7%A5%9E%E5%AE%AE%E5%89%8D4-4-4%20B-Flat%20COMMUNE,3.06
