店舗名,エリア,ウェブサイト,食べログURL,住所,Google Maps,最寄駅,評価点数
焼肉酒家 李苑,新宿区,https://tabelog.com/tokyo/A1304/A130401/13145404/,https://tabelog.com/tokyo/A1304/A130401/13145404/,東京都新宿区新宿5-18-16 shinjuku-fiveⅠ B1F,https://www.google.com/maps/search/?api=1&query=%E6%9D%B1%E4%BA%AC%E9%83%BD%E6%96%B0%E5%AE%BF%E5%8C%BA%E6%96%B0%E5%AE%BF5-18-16%20shinjuku-five%E2%85%A0%20B1F,新宿三丁目駅,3.43
肉好きの酒場 ます屋 新宿東口店,新宿区,https://tabelog.com/tokyo/A1304/A130401/13289510/,https://tabelog.com/tokyo/A1304/A130401/13289510/,東京都新宿区歌舞伎町1-6-3 東海苑 4F,https://www.google.com/maps/search/?api=1&query=%E6%9D%B1%E4%BA%AC%E9%83%BD%E6%96%B0%E5%AE%BF%E5%8C%BA%E6%AD%8C%E8%88%9E%E4%BC%8E%E7%94%BA1-6-3%20%E6%9D%B1%E6%B5%B7%E8%8B%91%204F,新宿西口駅,3.13
クラフトビール工房 新宿エール,新宿区,https://tabelog.com/tokyo/A1304/A130401/13255631/,https://tabelog.com/tokyo/A1304/A130401/13255631/,東京都新宿区歌舞伎町1-14-5 マルイビル 1F～2F,https://www.google.com/maps/search/?api=1&query=%E6%9D%B1%E4%BA%AC%E9%83%BD%E6%96%B0%E5%AE%BF%E5%8C%BA%E6%AD%8C%E8%88%9E%E4%BC%8E%E7%94%BA1-14-5%20%E3%83%9E%E3%83%AB%E3%82%A4%E3%83%93%E3%83%AB%201F%EF%BD%9E2F,西武新宿駅,3.28
大地の恵み北海道 新宿東宝ビル店,新宿区,https://tabelog.com/tokyo/A1304/A130401/13179471/,https://tabelog.com/tokyo/A1304/A130401/13179471/,東京都新宿区歌舞伎町1-19-1 新宿東宝ビル 1F,https://www.google.com/maps/search/?api=1&query=%E6%9D%B1%E4%BA%AC%E9%83%BD%E6%96%B0%E5%AE%BF%E5%8C%BA%E6%AD%8C%E8%88%9E%E4%BC%8E%E7%94%BA1-19-1%20%E6%96%B0%E5%AE%BF%E6%9D%B1%E5%AE%9D%E3%83%93%E3%83%AB%201F,西武新宿駅,3.35
カフェイタリアン ミエーレ 新宿,新宿区,https://tabelog.com/tokyo/A1304/A130401/13179652/,https://tabelog.com/tokyo/A1304/A130401/13179652/,東京都新宿区歌舞伎町1-18-10 吉川ビル B1F,https://www.google.com/maps/search/?api=1&query=%E6%9D%B1%E4%BA%AC%E9%83%BD%E6%96%B0%E5%AE%BF%E5%8C%BA%E6%AD%8C%E8%88%9E%E4%BC%8E%E7%94%BA1-18-10%20%E5%90%89%E5%B7%9D%E3%83%93%E3%83%AB%20B1F,西武新宿駅,3.08
個室居酒屋 天空の雫 新宿東口店,新宿区,https://tabelog.com/tokyo/A1304/A130401/13160283/,https://tabelog.com/tokyo/A1304/A130401/13160283/,東京都新宿区歌舞伎町1-6-3 東海苑ビル 5F,https://www.google.com/maps/search/?api=1&query=%E6%9D%B1%E4%BA%AC%E9%83%BD%E6%96%B0%E5%AE%BF%E5%8C%BA%E6%AD%8C%E8%88%9E%E4%BC%8E%E7%94%BA1-6-3%20%E6%9D%B1%E6%B5%B7%E8%8B%91%E3%83%93%E3%83%AB%205F,新宿西口駅,3.15
A5ランクの黒毛和牛焼肉×食べ放題 個室完備 炭治郎 新宿本店,新宿区,https://tabelog.com/tokyo/A1304/A130401/13261580/,https://tabelog.com/tokyo/A1304/A130401/13261580/,東京都新宿区歌舞伎町1-17-5 和田久ビル 2F,https://www.google.com/maps/search/?api=1&query=%E6%9D%B1%E4%BA%AC%E9%83%BD%E6%96%B0%E5%AE%BF%E5%8C%BA%E6%AD%8C%E8%88%9E%E4%BC%8E%E7%94%BA1-17-5%20%E5%92%8C%E7%94%B0%E4%B9%85%E3%83%93%E3%83%AB%202F,新宿西口駅,3.08
焼肉ホルモンたけ田 高田馬場店,新宿区,https://tabelog.com/tokyo/A1305/A130503/13273208/,https://tabelog.com/tokyo/A1305/A130503/13273208/,東京都新宿区高田馬場2-18-11 稲門ビル　B1F,https://www.google.com/maps/search/?api=1&query=%E6%9D%B1%E4%BA%AC%E9%83%BD%E6%96%B0%E5%AE%BF%E5%8C%BA%E9%AB%98%E7%94%B0%E9%A6%AC%E5%A0%B42-18-11%20%E7%A8%B2%E9%96%80%E3%83%93%E3%83%AB%E3%80%80B1F,高田馬場駅,3.17
居酒屋 海の家,新宿区,https://tabelog.com/tokyo/A1304/A130401/13037113/,https://tabelog.com/tokyo/A1304/A130401/13037113/,東京都新宿区歌舞伎町1-17-12 第一浅川ビル 7Ｆ,https://www.google.com/maps/search/?api=1&query=%E6%9D%B1%E4%BA%AC%E9%83%BD%E6%96%B0%E5%AE%BF%E5%8C%BA%E6%AD%8C%E8%88%9E%E4%BC%8E%E7%94%BA1-17-12%20%E7%AC%AC%E4%B8%80%E6%B5%85%E5%B7%9D%E3%83%93%E3%83%AB%207%EF%BC%A6,新宿西口駅,3.02
新宿イタリアン カルボナード,新宿区,https://tabelog.com/tokyo/A1304/A130401/13136205/,https://tabelog.com/tokyo/A1304/A130401/13136205/,東京都新宿区歌舞伎町1-3-6,https://www.google.com/maps/search/?api=1&query=%E6%9D%B1%E4%BA%AC%E9%83%BD%E6%96%B0%E5%AE%BF%E5%8C%BA%E6%AD%8C%E8%88%9E%E4%BC%8E%E7%94%BA1-3-6,西武新宿駅,3.24
ディップマハル 神楽坂店,新宿区,https://tabelog.com/tokyo/A1309/A130905/13040413/,https://tabelog.com/tokyo/A1309/A130905/13040413/,東京都新宿区岩戸町1 M's神楽坂 1F,https://www.google.com/maps/search/?api=1&query=%E6%9D%B1%E4%BA%AC%E9%83%BD%E6%96%B0%E5%AE%BF%E5%8C%BA%E5%B2%A9%E6%88%B8%E7%94%BA1%20M%27s%E7%A5%9E%E6%A5%BD%E5%9D%82%201F,牛込神楽坂駅,3.32
新大久保 アジア屋台村,新宿区,https://tabelog.com/tokyo/A1304/A130404/13217692/,https://tabelog.com/tokyo/A1304/A130404/13217692/,東京都新宿区百人町1-11-28 大長今ビル 1F,https://www.google.com/maps/search/?api=1&query=%E6%9D%B1%E4%BA%AC%E9%83%BD%E6%96%B0%E5%AE%BF%E5%8C%BA%E7%99%BE%E4%BA%BA%E7%94%BA1-11-28%20%E5%A4%A7%E9%95%B7%E4%BB%8A%E3%83%93%E3%83%AB%201F,新大久保駅,3.45
博多野菜巻き串と和牛ステーキ 五臓六腑 新宿東口店,新宿区,https://tabelog.com/tokyo/A1304/A130401/13263612/,https://tabelog.com/tokyo/A1304/A130401/13263612/,東京都新宿区歌舞伎町1-16-10 第27東京ビル B1F,https://www.google.com/maps/search/?api=1&query=%E6%9D%B1%E4%BA%AC%E9%83%BD%E6%96%B0%E5%AE%BF%E5%8C%BA%E6%AD%8C%E8%88%9E%E4%BC%8E%E7%94%BA1-16-10%20%E7%AC%AC27%E6%9D%B1%E4%BA%AC%E3%83%93%E3%83%AB%20B1F,新宿西口駅,3.01
イタリア酒場 Osteria Pinocchio,新宿区,https://tabelog.com/tokyo/A1309/A130902/13214270/,https://tabelog.com/tokyo/A1309/A130902/13214270/,東京都新宿区四谷2-3-19 四谷大新ビル 1F,https://www.google.com/maps/search/?api=1&query=%E6%9D%B1%E4%BA%AC%E9%83%BD%E6%96%B0%E5%AE%BF%E5%8C%BA%E5%9B%9B%E8%B0%B72-3-19%20%E5%9B%9B%E8%B0%B7%E5%A4%A7%E6%96%B0%E3%83%93%E3%83%AB%201F,四ツ谷駅,3.30
DAOL,新宿区,https://tabelog.com/tokyo/A1304/A130401/13277205/,https://tabelog.com/tokyo/A1304/A130401/13277205/,東京都新宿区百人町1-5-6 白萩マンション 1F,https://www.google.com/maps/search/?api=1&query=%E6%9D%B1%E4%BA%AC%E9%83%BD%E6%96%B0%E5%AE%BF%E5%8C%BA%E7%99%BE%E4%BA%BA%E7%94%BA1-5-6%20%E7%99%BD%E8%90%A9%E3%83%9E%E3%83%B3%E3%82%B7%E3%83%A7%E3%83%B3%201F,西武新宿駅,3.40
炭鳥,新宿区,https://tabelog.com/tokyo/A1309/A130905/13302277/,https://tabelog.com/tokyo/A1309/A130905/13302277/,東京都新宿区矢来町112 第二松下ビル 1F,https://www.google.com/maps/search/?api=1&query=%E6%9D%B1%E4%BA%AC%E9%83%BD%E6%96%B0%E5%AE%BF%E5%8C%BA%E7%9F%A2%E6%9D%A5%E7%94%BA112%20%E7%AC%AC%E4%BA%8C%E6%9D%BE%E4%B8%8B%E3%83%93%E3%83%AB%201F,神楽坂駅,3.04
新宿中村屋Granna,新宿区,https://tabelog.com/tokyo/A1304/A130401/13174645/,https://tabelog.com/tokyo/A1304/A130401/13174645/,東京都新宿区新宿3-26-13 新宿中村屋ビル 8F,https://www.google.com/maps/search/?api=1&query=%E6%9D%B1%E4%BA%AC%E9%83%BD%E6%96%B0%E5%AE%BF%E5%8C%BA%E6%96%B0%E5%AE%BF3-26-13%20%E6%96%B0%E5%AE%BF%E4%B8%AD%E6%9D%91%E5%B1%8B%E3%83%93%E3%83%AB%208F,新宿三丁目駅,3.29
鳥元 新宿西口店,新宿区,https://tabelog.com/tokyo/A1304/A130401/13006736/,https://tabelog.com/tokyo/A1304/A130401/13006736/,東京都新宿区西新宿1-12-7 第２清新ビル　１Ｆ・２Ｆ,https://www.google.com/maps/search/?api=1&query=%E6%9D%B1%E4%BA%AC%E9%83%BD%E6%96%B0%E5%AE%BF%E5%8C%BA%E8%A5%BF%E6%96%B0%E5%AE%BF1-12-7%20%E7%AC%AC%EF%BC%92%E6%B8%85%E6%96%B0%E3%83%93%E3%83%AB%E3%80%80%EF%BC%91%EF%BC%A6%E3%83%BB%EF%BC%92%EF%BC%A6,新宿駅,3.15
エノテカピッツェリア 神楽坂スタジオーネ,新宿区,https://tabelog.com/tokyo/A1309/A130905/13055365/,https://tabelog.com/tokyo/A1309/A130905/13055365/,東京都新宿区神楽坂3-1 クレール神楽坂ＩＩＩ　５Ｆ,https://www.google.com/maps/search/?api=1&query=%E6%9D%B1%E4%BA%AC%E9%83%BD%E6%96%B0%E5%AE%BF%E5%8C%BA%E7%A5%9E%E6%A5%BD%E5%9D%823-1%20%E3%82%AF%E3%83%AC%E3%83%BC%E3%83%AB%E7%A5%9E%E6%A5%BD%E5%9D%82%EF%BC%A9%EF%BC%A9%EF%BC%A9%E3%80%80%EF%BC%95%EF%BC%A6,飯田橋駅,3.49
すし土風炉 西新宿七丁目店,新宿区,https://tabelog.com/tokyo/A1304/A130401/13009184/,https://tabelog.com/tokyo/A1304/A130401/13009184/,東京都新宿区西新宿7-20-3 ウエストゲート新宿ビル B1F,https://www.google.com/maps/search/?api=1&query=%E6%9D%B1%E4%BA%AC%E9%83%BD%E6%96%B0%E5%AE%BF%E5%8C%BA%E8%A5%BF%E6%96%B0%E5%AE%BF7-20-3%20%E3%82%A6%E3%82%A8%E3%82%B9%E3%83%88%E3%82%B2%E3%83%BC%E3%83%88%E6%96%B0%E5%AE%BF%E3%83%93%E3%83%AB%20B1F,西新宿駅,3.06
一酌万倍 新宿本店,新宿区,https://tabelog.com/tokyo/A1304/A130401/13301846/,https://tabelog.com/tokyo/A1304/A130401/13301846/,東京都新宿区歌舞伎町1-13-9 3F,https://www.google.com/maps/search/?api=1&query=%E6%9D%B1%E4%BA%AC%E9%83%BD%E6%96%B0%E5%AE%BF%E5%8C%BA%E6%AD%8C%E8%88%9E%E4%BC%8E%E7%94%BA1-13-9%203F,西武新宿駅,3.00
串あげ酒場 私の串,新宿区,https://tabelog.com/tokyo/A1304/A130401/13285157/,https://tabelog.com/tokyo/A1304/A130401/13285157/,東京都新宿区新宿5-10-4 B4ビル 1F,https://www.google.com/maps/search/?api=1&query=%E6%9D%B1%E4%BA%AC%E9%83%BD%E6%96%B0%E5%AE%BF%E5%8C%BA%E6%96%B0%E5%AE%BF5-10-4%20B4%E3%83%93%E3%83%AB%201F,新宿三丁目駅,3.49
common cafe 新宿東口店,新宿区,https://tabelog.com/tokyo/A1304/A130401/13185960/,https://tabelog.com/tokyo/A1304/A130401/13185960/,東京都新宿区歌舞伎町1-20-2 アパホテル新宿歌舞伎町タワー 2Ｆ,https://www.google.com/maps/search/?api=1&query=%E6%9D%B1%E4%BA%AC%E9%83%BD%E6%96%B0%E5%AE%BF%E5%8C%BA%E6%AD%8C%E8%88%9E%E4%BC%8E%E7%94%BA1-20-2%20%E3%82%A2%E3%83%91%E3%83%9B%E3%83%86%E3%83%AB%E6%96%B0%E5%AE%BF%E6%AD%8C%E8%88%9E%E4%BC%8E%E7%94%BA%E3%82%BF%E3%83%AF%E3%83%BC%202%EF%BC%A6,西武新宿駅,3.29
FLOWER WALL MONE,新宿区,https://tabelog.com/tokyo/A1304/A130401/13268836/,https://tabelog.com/tokyo/A1304/A130401/13268836/,東京都新宿区新宿3-5-3 高山ランド会館 B1F,https://www.google.com/maps/search/?api=1&query=%E6%9D%B1%E4%BA%AC%E9%83%BD%E6%96%B0%E5%AE%BF%E5%8C%BA%E6%96%B0%E5%AE%BF3-5-3%20%E9%AB%98%E5%B1%B1%E3%83%A9%E3%83%B3%E3%83%89%E4%BC%9A%E9%A4%A8%20B1F,新宿三丁目駅,3.44
京懐石 みのきち 新宿住友店,新宿区,https://tabelog.com/tokyo/A1304/A130401/13247736/,https://tabelog.com/tokyo/A1304/A130401/13247736/,東京都新宿区西新宿2-6-1 新宿住友ビル 2F,https://www.google.com/maps/search/?api=1&query=%E6%9D%B1%E4%BA%AC%E9%83%BD%E6%96%B0%E5%AE%BF%E5%8C%BA%E8%A5%BF%E6%96%B0%E5%AE%BF2-6-1%20%E6%96%B0%E5%AE%BF%E4%BD%8F%E5%8F%8B%E3%83%93%E3%83%AB%202F,都庁前駅,3.36
歌舞伎町焼肉 一頭や 新宿区役所通り店,新宿区,https://tabelog.com/tokyo/A1304/A130401/13264183/,https://tabelog.com/tokyo/A1304/A130401/13264183/,東京都新宿区歌舞伎町1-2-13 新光ビル 1F-A,https://www.google.com/maps/search/?api=1&query=%E6%9D%B1%E4%BA%AC%E9%83%BD%E6%96%B0%E5%AE%BF%E5%8C%BA%E6%AD%8C%E8%88%9E%E4%BC%8E%E7%94%BA1-2-13%20%E6%96%B0%E5%85%89%E3%83%93%E3%83%AB%201F-A,新宿三丁目駅,3.31
棲家アーキテクチャカフェ,新宿区,https://tabelog.com/tokyo/A1304/A130401/13257634/,https://tabelog.com/tokyo/A1304/A130401/13257634/,東京都新宿区新宿3-6-7 第6三和ビル 4F,https://www.google.com/maps/search/?api=1&query=%E6%9D%B1%E4%BA%AC%E9%83%BD%E6%96%B0%E5%AE%BF%E5%8C%BA%E6%96%B0%E5%AE%BF3-6-7%20%E7%AC%AC6%E4%B8%89%E5%92%8C%E3%83%93%E3%83%AB%204F,新宿三丁目駅,3.47
お肉の食べ放題専門店 個室 グリル＆バル 新宿本店,新宿区,https://tabelog.com/tokyo/A1304/A130401/13273826/,https://tabelog.com/tokyo/A1304/A130401/13273826/,東京都新宿区西新宿7-15-15 東宝観光ビル B1F,https://www.google.com/maps/search/?api=1&query=%E6%9D%B1%E4%BA%AC%E9%83%BD%E6%96%B0%E5%AE%BF%E5%8C%BA%E8%A5%BF%E6%96%B0%E5%AE%BF7-15-15%20%E6%9D%B1%E5%AE%9D%E8%A6%B3%E5%85%89%E3%83%93%E3%83%AB%20B1F,西武新宿駅,3.01
トラットリア ラ タルタルギーナ,新宿区,https://tabelog.com/tokyo/A1309/A130905/13175090/,https://tabelog.com/tokyo/A1309/A130905/13175090/,東京都新宿区赤城下町33-24,https://www.google.com/maps/search/?api=1&query=%E6%9D%B1%E4%BA%AC%E9%83%BD%E6%96%B0%E5%AE%BF%E5%8C%BA%E8%B5%A4%E5%9F%8E%E4%B8%8B%E7%94%BA33-24,神楽坂駅,3.51
大阪家GOLD,新宿区,https://tabelog.com/tokyo/A1304/A130401/13293251/,https://tabelog.com/tokyo/A1304/A130401/13293251/,東京都新宿区歌舞伎町1-22-3 ゴールドリッチビル 2F,https://www.google.com/maps/search/?api=1&query=%E6%9D%B1%E4%BA%AC%E9%83%BD%E6%96%B0%E5%AE%BF%E5%8C%BA%E6%AD%8C%E8%88%9E%E4%BC%8E%E7%94%BA1-22-3%20%E3%82%B4%E3%83%BC%E3%83%AB%E3%83%89%E3%83%AA%E3%83%83%E3%83%81%E3%83%93%E3%83%AB%202F,西武新宿駅,3.06
れんや 四ツ谷店,新宿区,https://tabelog.com/tokyo/A1309/A130902/13155266/,https://tabelog.com/tokyo/A1309/A130902/13155266/,東京都新宿区四谷1-7-15 山田ビル B1F,https://www.google.com/maps/search/?api=1&query=%E6%9D%B1%E4%BA%AC%E9%83%BD%E6%96%B0%E5%AE%BF%E5%8C%BA%E5%9B%9B%E8%B0%B71-7-15%20%E5%B1%B1%E7%94%B0%E3%83%93%E3%83%AB%20B1F,四ツ谷駅,3.07
新仙,新宿区,https://tabelog.com/tokyo/A1304/A130401/13268665/,https://tabelog.com/tokyo/A1304/A130401/13268665/,東京都新宿区歌舞伎町1-16-1 新宿EX2ビル 2F,https://www.google.com/maps/search/?api=1&query=%E6%9D%B1%E4%BA%AC%E9%83%BD%E6%96%B0%E5%AE%BF%E5%8C%BA%E6%AD%8C%E8%88%9E%E4%BC%8E%E7%94%BA1-16-1%20%E6%96%B0%E5%AE%BFEX2%E3%83%93%E3%83%AB%202F,新宿西口駅,3.45
モッコガレ？ 新大久保店,新宿区,https://tabelog.com/tokyo/A1304/A130401/13285142/,https://tabelog.com/tokyo/A1304/A130401/13285142/,東京都新宿区大久保1-3-13 1F,https://www.google.com/maps/search/?api=1&query=%E6%9D%B1%E4%BA%AC%E9%83%BD%E6%96%B0%E5%AE%BF%E5%8C%BA%E5%A4%A7%E4%B9%85%E4%BF%9D1-3-13%201F,東新宿駅,3.08
てけてけ 高田馬場早稲田通り店,新宿区,https://tabelog.com/tokyo/A1305/A130503/13280269/,https://tabelog.com/tokyo/A1305/A130503/13280269/,東京都新宿区高田馬場1-6-15 荒井ビル 2F,https://www.google.com/maps/search/?api=1&query=%E6%9D%B1%E4%BA%AC%E9%83%BD%E6%96%B0%E5%AE%BF%E5%8C%BA%E9%AB%98%E7%94%B0%E9%A6%AC%E5%A0%B41-6-15%20%E8%8D%92%E4%BA%95%E3%83%93%E3%83%AB%202F,高田馬場駅,3.01
高田馬場 Ristorante En,新宿区,https://tabelog.com/tokyo/A1305/A130503/13149621/,https://tabelog.com/tokyo/A1305/A130503/13149621/,東京都新宿区高田馬場2‐14‐5 サンエスビル １F,https://www.google.com/maps/search/?api=1&query=%E6%9D%B1%E4%BA%AC%E9%83%BD%E6%96%B0%E5%AE%BF%E5%8C%BA%E9%AB%98%E7%94%B0%E9%A6%AC%E5%A0%B42%E2%80%9014%E2%80%905%20%E3%82%B5%E3%83%B3%E3%82%A8%E3%82%B9%E3%83%93%E3%83%AB%20%EF%BC%91F,高田馬場駅,3.43
マンゴツリーカフェ ルミネ新宿,新宿区,https://tabelog.com/tokyo/A1304/A130401/13030311/,https://tabelog.com/tokyo/A1304/A130401/13030311/,東京都新宿区西新宿1-1-5 ルミネ新宿1-7F,https://www.google.com/maps/search/?api=1&query=%E6%9D%B1%E4%BA%AC%E9%83%BD%E6%96%B0%E5%AE%BF%E5%8C%BA%E8%A5%BF%E6%96%B0%E5%AE%BF1-1-5%20%E3%83%AB%E3%83%9F%E3%83%8D%E6%96%B0%E5%AE%BF1-7F,新宿駅,3.32
リゾートダイニング&エスニックミールズ コロニアルガーデン 新宿御苑,新宿区,https://tabelog.com/tokyo/A1304/A130402/13228334/,https://tabelog.com/tokyo/A1304/A130402/13228334/,東京都新宿区新宿1-12-9,https://www.google.com/maps/search/?api=1&query=%E6%9D%B1%E4%BA%AC%E9%83%BD%E6%96%B0%E5%AE%BF%E5%8C%BA%E6%96%B0%E5%AE%BF1-12-9,新宿御苑前駅,3.31
イタ飯バル RICCIO 高田馬場店,新宿区,https://tabelog.com/tokyo/A1305/A130503/13236621/,https://tabelog.com/tokyo/A1305/A130503/13236621/,東京都新宿区高田馬場4-9-9 早稲田13時ホール B1～1F,https://www.google.com/maps/search/?api=1&query=%E6%9D%B1%E4%BA%AC%E9%83%BD%E6%96%B0%E5%AE%BF%E5%8C%BA%E9%AB%98%E7%94%B0%E9%A6%AC%E5%A0%B44-9-9%20%E6%97%A9%E7%A8%B2%E7%94%B013%E6%99%82%E3%83%9B%E3%83%BC%E3%83%AB%20B1%EF%BD%9E1F,高田馬場駅,3.39
シュラスコ＆肉バル RUMP 四ツ谷しんみち通り店,新宿区,https://tabelog.com/tokyo/A1309/A130902/13226345/,https://tabelog.com/tokyo/A1309/A130902/13226345/,東京都新宿区四谷1-7-27 第43東京ビル 2F,https://www.google.com/maps/search/?api=1&query=%E6%9D%B1%E4%BA%AC%E9%83%BD%E6%96%B0%E5%AE%BF%E5%8C%BA%E5%9B%9B%E8%B0%B71-7-27%20%E7%AC%AC43%E6%9D%B1%E4%BA%AC%E3%83%93%E3%83%AB%202F,四ツ谷駅,3.23
Mr.Tokyo BURGER’S cafe,新宿区,https://tabelog.com/tokyo/A1304/A130401/13256926/,https://tabelog.com/tokyo/A1304/A130401/13256926/,東京都新宿区新宿2-18-5 第二成光ビル 1F,https://www.google.com/maps/search/?api=1&query=%E6%9D%B1%E4%BA%AC%E9%83%BD%E6%96%B0%E5%AE%BF%E5%8C%BA%E6%96%B0%E5%AE%BF2-18-5%20%E7%AC%AC%E4%BA%8C%E6%88%90%E5%85%89%E3%83%93%E3%83%AB%201F,新宿三丁目駅,3.47
鉄板Diner JAKEN 新宿店,新宿区,https://tabelog.com/tokyo/A1304/A130401/13196756/,https://tabelog.com/tokyo/A1304/A130401/13196756/,東京都新宿区新宿3-9-9 新宿ワタセイ・タマビル B2F,https://www.google.com/maps/search/?api=1&query=%E6%9D%B1%E4%BA%AC%E9%83%BD%E6%96%B0%E5%AE%BF%E5%8C%BA%E6%96%B0%E5%AE%BF3-9-9%20%E6%96%B0%E5%AE%BF%E3%83%AF%E3%82%BF%E3%82%BB%E3%82%A4%E3%83%BB%E3%82%BF%E3%83%9E%E3%83%93%E3%83%AB%20B2F,新宿三丁目駅,3.38
吟遊,新宿区,https://tabelog.com/tokyo/A1309/A130905/13006456/,https://tabelog.com/tokyo/A1309/A130905/13006456/,東京都新宿区矢来町110,https://www.google.com/maps/search/?api=1&query=%E6%9D%B1%E4%BA%AC%E9%83%BD%E6%96%B0%E5%AE%BF%E5%8C%BA%E7%9F%A2%E6%9D%A5%E7%94%BA110,神楽坂駅,3.44
牛たん食べ放題 仙台ホルモン焼肉酒場 ときわ亭 高田馬場店,新宿区,https://tabelog.com/tokyo/A1305/A130503/13257127/,https://tabelog.com/tokyo/A1305/A130503/13257127/,東京都新宿区高田馬場2-14-8 NTビル 2F,https://www.google.com/maps/search/?api=1&query=%E6%9D%B1%E4%BA%AC%E9%83%BD%E6%96%B0%E5%AE%BF%E5%8C%BA%E9%AB%98%E7%94%B0%E9%A6%AC%E5%A0%B42-14-8%20NT%E3%83%93%E3%83%AB%202F,高田馬場駅,3.02
たくあん・牡丹亭,新宿区,https://tabelog.com/tokyo/A1304/A130401/13017363/,https://tabelog.com/tokyo/A1304/A130401/13017363/,東京都新宿区西新宿4-15-1 西新宿パークハイツ,https://www.google.com/maps/search/?api=1&query=%E6%9D%B1%E4%BA%AC%E9%83%BD%E6%96%B0%E5%AE%BF%E5%8C%BA%E8%A5%BF%E6%96%B0%E5%AE%BF4-15-1%20%E8%A5%BF%E6%96%B0%E5%AE%BF%E3%83%91%E3%83%BC%E3%82%AF%E3%83%8F%E3%82%A4%E3%83%84,西新宿五丁目駅,3.44
神楽坂 鮨 弥栄,新宿区,https://tabelog.com/tokyo/A1309/A130905/13267490/,https://tabelog.com/tokyo/A1309/A130905/13267490/,東京都新宿区赤城元町3-7 神楽坂ODAビル 1F,https://www.google.com/maps/search/?api=1&query=%E6%9D%B1%E4%BA%AC%E9%83%BD%E6%96%B0%E5%AE%BF%E5%8C%BA%E8%B5%A4%E5%9F%8E%E5%85%83%E7%94%BA3-7%20%E7%A5%9E%E6%A5%BD%E5%9D%82ODA%E3%83%93%E3%83%AB%201F,神楽坂駅,3.54
新宿こてがえし,新宿区,https://tabelog.com/tokyo/A1304/A130401/13126809/,https://tabelog.com/tokyo/A1304/A130401/13126809/,東京都新宿区新宿3-21-9 ダッキープラザビル　３F,https://www.google.com/maps/search/?api=1&query=%E6%9D%B1%E4%BA%AC%E9%83%BD%E6%96%B0%E5%AE%BF%E5%8C%BA%E6%96%B0%E5%AE%BF3-21-9%20%E3%83%80%E3%83%83%E3%82%AD%E3%83%BC%E3%83%97%E3%83%A9%E3%82%B6%E3%83%93%E3%83%AB%E3%80%80%EF%BC%93F,新宿三丁目駅,3.23
鉄板中華 青山シャンウェイ 神楽坂店,新宿区,https://tabelog.com/tokyo/A1309/A130905/13214283/,https://tabelog.com/tokyo/A1309/A130905/13214283/,東京都新宿区神楽坂2-6-1 ポルタ神楽坂 2F,https://www.google.com/maps/search/?api=1&query=%E6%9D%B1%E4%BA%AC%E9%83%BD%E6%96%B0%E5%AE%BF%E5%8C%BA%E7%A5%9E%E6%A5%BD%E5%9D%822-6-1%20%E3%83%9D%E3%83%AB%E3%82%BF%E7%A5%9E%E6%A5%BD%E5%9D%82%202F,飯田橋駅,3.49
東京へぎそば 匠 四谷三丁目店,新宿区,https://tabelog.com/tokyo/A1309/A130903/13006255/,https://tabelog.com/tokyo/A1309/A130903/13006255/,東京都新宿区四谷3-13 水喜ビル　Ｂ１Ｆ,https://www.google.com/maps/search/?api=1&query=%E6%9D%B1%E4%BA%AC%E9%83%BD%E6%96%B0%E5%AE%BF%E5%8C%BA%E5%9B%9B%E8%B0%B73-13%20%E6%B0%B4%E5%96%9C%E3%83%93%E3%83%AB%E3%80%80%EF%BC%A2%EF%BC%91%EF%BC%A6,四谷三丁目駅,3.41
花椒 SUGAR & SPICE,新宿区,https://tabelog.com/tokyo/A1305/A130503/13268407/,https://tabelog.com/tokyo/A1305/A130503/13268407/,東京都新宿区高田馬場3-5-6 1F,https://www.google.com/maps/search/?api=1&query=%E6%9D%B1%E4%BA%AC%E9%83%BD%E6%96%B0%E5%AE%BF%E5%8C%BA%E9%AB%98%E7%94%B0%E9%A6%AC%E5%A0%B43-5-6%201F,高田馬場駅,3.26
個室会席 北大路 新宿茶寮,新宿区,https://tabelog.com/tokyo/A1304/A130401/13247435/,https://tabelog.com/tokyo/A1304/A130401/13247435/,東京都新宿区西新宿2-6-1 新宿住友ビル 2F,https://www.google.com/maps/search/?api=1&query=%E6%9D%B1%E4%BA%AC%E9%83%BD%E6%96%B0%E5%AE%BF%E5%8C%BA%E8%A5%BF%E6%96%B0%E5%AE%BF2-6-1%20%E6%96%B0%E5%AE%BF%E4%BD%8F%E5%8F%8B%E3%83%93%E3%83%AB%202F,都庁前駅,3.09
トラットリア クアルト 西新宿,新宿区,https://tabelog.com/tokyo/A1304/A130401/13162182/,https://tabelog.com/tokyo/A1304/A130401/13162182/,東京都新宿区西新宿7-9-17 伊藤ビル 1F,https://www.google.com/maps/search/?api=1&query=%E6%9D%B1%E4%BA%AC%E9%83%BD%E6%96%B0%E5%AE%BF%E5%8C%BA%E8%A5%BF%E6%96%B0%E5%AE%BF7-9-17%20%E4%BC%8A%E8%97%A4%E3%83%93%E3%83%AB%201F,新宿西口駅,3.49
NIGICHA,新宿区,https://tabelog.com/tokyo/A1304/A130402/13302178/,https://tabelog.com/tokyo/A1304/A130402/13302178/,東京都新宿区新宿1-3-8 YKB新宿御苑ビル 1F,https://www.google.com/maps/search/?api=1&query=%E6%9D%B1%E4%BA%AC%E9%83%BD%E6%96%B0%E5%AE%BF%E5%8C%BA%E6%96%B0%E5%AE%BF1-3-8%20YKB%E6%96%B0%E5%AE%BF%E5%BE%A1%E8%8B%91%E3%83%93%E3%83%AB%201F,新宿御苑前駅,3.01
サラム小尾羊 新大久保,新宿区,https://tabelog.com/tokyo/A1304/A130404/13303427/,https://tabelog.com/tokyo/A1304/A130404/13303427/,東京都新宿区百人町2-17-3 常陽第1ビル 1F,https://www.google.com/maps/search/?api=1&query=%E6%9D%B1%E4%BA%AC%E9%83%BD%E6%96%B0%E5%AE%BF%E5%8C%BA%E7%99%BE%E4%BA%BA%E7%94%BA2-17-3%20%E5%B8%B8%E9%99%BD%E7%AC%AC1%E3%83%93%E3%83%AB%201F,大久保駅,3.01
お好み焼き 恋火,新宿区,https://tabelog.com/tokyo/A1304/A130404/13246284/,https://tabelog.com/tokyo/A1304/A130404/13246284/,東京都新宿区百人町1-7-19,https://www.google.com/maps/search/?api=1&query=%E6%9D%B1%E4%BA%AC%E9%83%BD%E6%96%B0%E5%AE%BF%E5%8C%BA%E7%99%BE%E4%BA%BA%E7%94%BA1-7-19,新大久保駅,3.32
ピッコロ 高田馬場店,新宿区,https://tabelog.com/tokyo/A1305/A130503/13036726/,https://tabelog.com/tokyo/A1305/A130503/13036726/,東京都新宿区高田馬場2-14-8 ＮＴビル 3F,https://www.google.com/maps/search/?api=1&query=%E6%9D%B1%E4%BA%AC%E9%83%BD%E6%96%B0%E5%AE%BF%E5%8C%BA%E9%AB%98%E7%94%B0%E9%A6%AC%E5%A0%B42-14-8%20%EF%BC%AE%EF%BC%B4%E3%83%93%E3%83%AB%203F,高田馬場駅,3.14
てけてけ 四ツ谷店,新宿区,https://tabelog.com/tokyo/A1309/A130902/13170036/,https://tabelog.com/tokyo/A1309/A130902/13170036/,東京都新宿区四谷2-1 四谷ビル B1F,https://www.google.com/maps/search/?api=1&query=%E6%9D%B1%E4%BA%AC%E9%83%BD%E6%96%B0%E5%AE%BF%E5%8C%BA%E5%9B%9B%E8%B0%B72-1%20%E5%9B%9B%E8%B0%B7%E3%83%93%E3%83%AB%20B1F,四ツ谷駅,3.02
MOONRISE KINGDOM,新宿区,https://tabelog.com/tokyo/A1304/A130401/13275520/,https://tabelog.com/tokyo/A1304/A130401/13275520/,東京都新宿区西新宿6-12-16 天空MURA 1F,https://www.google.com/maps/search/?api=1&query=%E6%9D%B1%E4%BA%AC%E9%83%BD%E6%96%B0%E5%AE%BF%E5%8C%BA%E8%A5%BF%E6%96%B0%E5%AE%BF6-12-16%20%E5%A4%A9%E7%A9%BAMURA%201F,西新宿駅,3.08
てけてけ 新宿総本店,新宿区,https://tabelog.com/tokyo/A1304/A130401/13135441/,https://tabelog.com/tokyo/A1304/A130401/13135441/,東京都新宿区西新宿7-10-5 イビス東京新宿 B1F,https://www.google.com/maps/search/?api=1&query=%E6%9D%B1%E4%BA%AC%E9%83%BD%E6%96%B0%E5%AE%BF%E5%8C%BA%E8%A5%BF%E6%96%B0%E5%AE%BF7-10-5%20%E3%82%A4%E3%83%93%E3%82%B9%E6%9D%B1%E4%BA%AC%E6%96%B0%E5%AE%BF%20B1F,新宿西口駅,3.07
新大久保韓国横丁 第一食堂,新宿区,https://tabelog.com/tokyo/A1304/A130404/13266815/,https://tabelog.com/tokyo/A1304/A130404/13266815/,東京都新宿区大久保2-19-1 セントラル大久保,https://www.google.com/maps/search/?api=1&query=%E6%9D%B1%E4%BA%AC%E9%83%BD%E6%96%B0%E5%AE%BF%E5%8C%BA%E5%A4%A7%E4%B9%85%E4%BF%9D2-19-1%20%E3%82%BB%E3%83%B3%E3%83%88%E3%83%A9%E3%83%AB%E5%A4%A7%E4%B9%85%E4%BF%9D,新大久保駅,3.24
おかん,新宿区,https://tabelog.com/tokyo/A1304/A130401/13041899/,https://tabelog.com/tokyo/A1304/A130401/13041899/,東京都新宿区歌舞伎町2-10-6 ピア新宿　２Ｆ,https://www.google.com/maps/search/?api=1&query=%E6%9D%B1%E4%BA%AC%E9%83%BD%E6%96%B0%E5%AE%BF%E5%8C%BA%E6%AD%8C%E8%88%9E%E4%BC%8E%E7%94%BA2-10-6%20%E3%83%94%E3%82%A2%E6%96%B0%E5%AE%BF%E3%80%80%EF%BC%92%EF%BC%A6,東新宿駅,3.39
新宿 オイスターズインク,新宿区,https://tabelog.com/tokyo/A1304/A130401/13170898/,https://tabelog.com/tokyo/A1304/A130401/13170898/,東京都新宿区西新宿7-10-14 富士山ビル3F,https://www.google.com/maps/search/?api=1&query=%E6%9D%B1%E4%BA%AC%E9%83%BD%E6%96%B0%E5%AE%BF%E5%8C%BA%E8%A5%BF%E6%96%B0%E5%AE%BF7-10-14%20%E5%AF%8C%E5%A3%AB%E5%B1%B1%E3%83%93%E3%83%AB3F,新宿西口駅,3.39
和牛ステーキ＆肉寿司 食べ放題専門店 GRILLE KITCHEN 四ツ谷本店,新宿区,https://tabelog.com/tokyo/A1309/A130902/13269176/,https://tabelog.com/tokyo/A1309/A130902/13269176/,東京都新宿区四谷1-7-18 Act World Building 2F,https://www.google.com/maps/search/?api=1&query=%E6%9D%B1%E4%BA%AC%E9%83%BD%E6%96%B0%E5%AE%BF%E5%8C%BA%E5%9B%9B%E8%B0%B71-7-18%20Act%20World%20Building%202F,四ツ谷駅,3.02
玄品 ふぐ・うなぎ料理 神楽坂,新宿区,https://tabelog.com/tokyo/A1309/A130905/13017152/,https://tabelog.com/tokyo/A1309/A130905/13017152/,東京都新宿区神楽坂5-35 第二野本ハイツ 1F・2F・3F,https://www.google.com/maps/search/?api=1&query=%E6%9D%B1%E4%BA%AC%E9%83%BD%E6%96%B0%E5%AE%BF%E5%8C%BA%E7%A5%9E%E6%A5%BD%E5%9D%825-35%20%E7%AC%AC%E4%BA%8C%E9%87%8E%E6%9C%AC%E3%83%8F%E3%82%A4%E3%83%84%201F%E3%83%BB2F%E3%83%BB3F,牛込神楽坂駅,3.22
フラットリア,新宿区,https://tabelog.com/tokyo/A1305/A130503/13108032/,https://tabelog.com/tokyo/A1305/A130503/13108032/,東京都新宿区高田馬場1-25-30 2F・3F,https://www.google.com/maps/search/?api=1&query=%E6%9D%B1%E4%BA%AC%E9%83%BD%E6%96%B0%E5%AE%BF%E5%8C%BA%E9%AB%98%E7%94%B0%E9%A6%AC%E5%A0%B41-25-30%202F%E3%83%BB3F,高田馬場駅,3.41
やきとり家 すみれ 新宿大ガード店,新宿区,https://tabelog.com/tokyo/A1304/A130401/13233131/,https://tabelog.com/tokyo/A1304/A130401/13233131/,東京都新宿区西新宿1-3-1 サンフラワービル 5F,https://www.google.com/maps/search/?api=1&query=%E6%9D%B1%E4%BA%AC%E9%83%BD%E6%96%B0%E5%AE%BF%E5%8C%BA%E8%A5%BF%E6%96%B0%E5%AE%BF1-3-1%20%E3%82%B5%E3%83%B3%E3%83%95%E3%83%A9%E3%83%AF%E3%83%BC%E3%83%93%E3%83%AB%205F,新宿西口駅,3.05
今日はチュクミ＆新宿飯店,新宿区,https://tabelog.com/tokyo/A1304/A130404/13276153/,https://tabelog.com/tokyo/A1304/A130404/13276153/,東京都新宿区大久保1-12-1,https://www.google.com/maps/search/?api=1&query=%E6%9D%B1%E4%BA%AC%E9%83%BD%E6%96%B0%E5%AE%BF%E5%8C%BA%E5%A4%A7%E4%B9%85%E4%BF%9D1-12-1,東新宿駅,3.25
嘉怡軒,新宿区,https://tabelog.com/tokyo/A1309/A130903/13268076/,https://tabelog.com/tokyo/A1309/A130903/13268076/,東京都新宿区四谷3-1-11 福島ビル 1F,https://www.google.com/maps/search/?api=1&query=%E6%9D%B1%E4%BA%AC%E9%83%BD%E6%96%B0%E5%AE%BF%E5%8C%BA%E5%9B%9B%E8%B0%B73-1-11%20%E7%A6%8F%E5%B3%B6%E3%83%93%E3%83%AB%201F,四谷三丁目駅,3.26
登亭 新宿店,新宿区,https://tabelog.com/tokyo/A1304/A130401/13022116/,https://tabelog.com/tokyo/A1304/A130401/13022116/,東京都新宿区新宿3-32-10,https://www.google.com/maps/search/?api=1&query=%E6%9D%B1%E4%BA%AC%E9%83%BD%E6%96%B0%E5%AE%BF%E5%8C%BA%E6%96%B0%E5%AE%BF3-32-10,新宿三丁目駅,3.48
SHELTY CAFE,新宿区,https://tabelog.com/tokyo/A1309/A130905/13290633/,https://tabelog.com/tokyo/A1309/A130905/13290633/,東京都新宿区若宮町12-4 フィルパーク神楽坂若宮 1F,https://www.google.com/maps/search/?api=1&query=%E6%9D%B1%E4%BA%AC%E9%83%BD%E6%96%B0%E5%AE%BF%E5%8C%BA%E8%8B%A5%E5%AE%AE%E7%94%BA12-4%20%E3%83%95%E3%82%A3%E3%83%AB%E3%83%91%E3%83%BC%E3%82%AF%E7%A5%9E%E6%A5%BD%E5%9D%82%E8%8B%A5%E5%AE%AE%201F,牛込神楽坂駅,3.19
成吉思汗 狐白 新宿店,新宿区,https://tabelog.com/tokyo/A1304/A130401/13220968/,https://tabelog.com/tokyo/A1304/A130401/13220968/,東京都新宿区歌舞伎町1-2-15 ソシアルビル１F,https://www.google.com/maps/search/?api=1&query=%E6%9D%B1%E4%BA%AC%E9%83%BD%E6%96%B0%E5%AE%BF%E5%8C%BA%E6%AD%8C%E8%88%9E%E4%BC%8E%E7%94%BA1-2-15%20%E3%82%BD%E3%82%B7%E3%82%A2%E3%83%AB%E3%83%93%E3%83%AB%EF%BC%91F,新宿三丁目駅,3.14
あえん 伊勢丹会館店,新宿区,https://tabelog.com/tokyo/A1304/A130401/13006107/,https://tabelog.com/tokyo/A1304/A130401/13006107/,東京都新宿区新宿3-15-17 伊勢丹会館 4F,https://www.google.com/maps/search/?api=1&query=%E6%9D%B1%E4%BA%AC%E9%83%BD%E6%96%B0%E5%AE%BF%E5%8C%BA%E6%96%B0%E5%AE%BF3-15-17%20%E4%BC%8A%E5%8B%A2%E4%B8%B9%E4%BC%9A%E9%A4%A8%204F,新宿三丁目駅,3.45
てけてけ 新宿南口店,新宿区,https://tabelog.com/tokyo/A1304/A130401/13200901/,https://tabelog.com/tokyo/A1304/A130401/13200901/,東京都新宿区西新宿1-19-4 山本ビル 2F,https://www.google.com/maps/search/?api=1&query=%E6%9D%B1%E4%BA%AC%E9%83%BD%E6%96%B0%E5%AE%BF%E5%8C%BA%E8%A5%BF%E6%96%B0%E5%AE%BF1-19-4%20%E5%B1%B1%E6%9C%AC%E3%83%93%E3%83%AB%202F,新宿駅,3.02
ディヴァーノ ワインダイニング 新宿,新宿区,https://tabelog.com/tokyo/A1304/A130401/13225760/,https://tabelog.com/tokyo/A1304/A130401/13225760/,東京都新宿区新宿3-31-1 大伸第2ビル 5F,https://www.google.com/maps/search/?api=1&query=%E6%9D%B1%E4%BA%AC%E9%83%BD%E6%96%B0%E5%AE%BF%E5%8C%BA%E6%96%B0%E5%AE%BF3-31-1%20%E5%A4%A7%E4%BC%B8%E7%AC%AC2%E3%83%93%E3%83%AB%205F,新宿三丁目駅,3.08
とらっとりあ まる。,新宿区,https://tabelog.com/tokyo/A1309/A130903/13284833/,https://tabelog.com/tokyo/A1309/A130903/13284833/,東京都新宿区荒木町3-23 国都マンション四谷 1F,https://www.google.com/maps/search/?api=1&query=%E6%9D%B1%E4%BA%AC%E9%83%BD%E6%96%B0%E5%AE%BF%E5%8C%BA%E8%8D%92%E6%9C%A8%E7%94%BA3-23%20%E5%9B%BD%E9%83%BD%E3%83%9E%E3%83%B3%E3%82%B7%E3%83%A7%E3%83%B3%E5%9B%9B%E8%B0%B7%201F,四谷三丁目駅,3.08
牛犇焼肉,新宿区,https://tabelog.com/tokyo/A1305/A130503/13269859/,https://tabelog.com/tokyo/A1305/A130503/13269859/,東京都新宿区高田馬場1-26-5 2F,https://www.google.com/maps/search/?api=1&query=%E6%9D%B1%E4%BA%AC%E9%83%BD%E6%96%B0%E5%AE%BF%E5%8C%BA%E9%AB%98%E7%94%B0%E9%A6%AC%E5%A0%B41-26-5%202F,高田馬場駅,3.11
シンサドン ホランイ コプチャン,新宿区,https://tabelog.com/tokyo/A1304/A130404/13266927/,https://tabelog.com/tokyo/A1304/A130404/13266927/,東京都新宿区大久保2-19-1 セントラル大久保 1F,https://www.google.com/maps/search/?api=1&query=%E6%9D%B1%E4%BA%AC%E9%83%BD%E6%96%B0%E5%AE%BF%E5%8C%BA%E5%A4%A7%E4%B9%85%E4%BF%9D2-19-1%20%E3%82%BB%E3%83%B3%E3%83%88%E3%83%A9%E3%83%AB%E5%A4%A7%E4%B9%85%E4%BF%9D%201F,新大久保駅,3.29
バリラックス ザ ガーデン 新宿,新宿区,https://tabelog.com/tokyo/A1304/A130401/13004196/,https://tabelog.com/tokyo/A1304/A130401/13004196/,東京都新宿区西新宿1-26-2 新宿野村ビル B1F,https://www.google.com/maps/search/?api=1&query=%E6%9D%B1%E4%BA%AC%E9%83%BD%E6%96%B0%E5%AE%BF%E5%8C%BA%E8%A5%BF%E6%96%B0%E5%AE%BF1-26-2%20%E6%96%B0%E5%AE%BF%E9%87%8E%E6%9D%91%E3%83%93%E3%83%AB%20B1F,西新宿駅,3.48
てけてけ 神楽坂揚場町店,新宿区,https://tabelog.com/tokyo/A1309/A130905/13191172/,https://tabelog.com/tokyo/A1309/A130905/13191172/,東京都新宿区揚場町2-16 第二東文堂ビル B1F,https://www.google.com/maps/search/?api=1&query=%E6%9D%B1%E4%BA%AC%E9%83%BD%E6%96%B0%E5%AE%BF%E5%8C%BA%E6%8F%9A%E5%A0%B4%E7%94%BA2-16%20%E7%AC%AC%E4%BA%8C%E6%9D%B1%E6%96%87%E5%A0%82%E3%83%93%E3%83%AB%20B1F,飯田橋駅,3.04
てけてけ 高田馬場さかえ通り店,新宿区,https://tabelog.com/tokyo/A1305/A130503/13201224/,https://tabelog.com/tokyo/A1305/A130503/13201224/,東京都新宿区高田馬場3-1-6 宝来ビル 1F B1F,https://www.google.com/maps/search/?api=1&query=%E6%9D%B1%E4%BA%AC%E9%83%BD%E6%96%B0%E5%AE%BF%E5%8C%BA%E9%AB%98%E7%94%B0%E9%A6%AC%E5%A0%B43-1-6%20%E5%AE%9D%E6%9D%A5%E3%83%93%E3%83%AB%201F%20B1F,高田馬場駅,3.03
きらく亭,新宿区,https://tabelog.com/tokyo/A1309/A130902/13017209/,https://tabelog.com/tokyo/A1309/A130902/13017209/,東京都新宿区四谷1-3 三陽ビル　１Ｆ,https://www.google.com/maps/search/?api=1&query=%E6%9D%B1%E4%BA%AC%E9%83%BD%E6%96%B0%E5%AE%BF%E5%8C%BA%E5%9B%9B%E8%B0%B71-3%20%E4%B8%89%E9%99%BD%E3%83%93%E3%83%AB%E3%80%80%EF%BC%91%EF%BC%A6,四ツ谷駅,3.40
新宿 星のなる木,新宿区,https://tabelog.com/tokyo/A1304/A130401/13253342/,https://tabelog.com/tokyo/A1304/A130401/13253342/,東京都新宿区新宿3-5-4 レインボービレッジ 9F,https://www.google.com/maps/search/?api=1&query=%E6%9D%B1%E4%BA%AC%E9%83%BD%E6%96%B0%E5%AE%BF%E5%8C%BA%E6%96%B0%E5%AE%BF3-5-4%20%E3%83%AC%E3%82%A4%E3%83%B3%E3%83%9C%E3%83%BC%E3%83%93%E3%83%AC%E3%83%83%E3%82%B8%209F,新宿三丁目駅,3.42
ラブエイジア四ツ谷,新宿区,https://tabelog.com/tokyo/A1309/A130903/13255349/,https://tabelog.com/tokyo/A1309/A130903/13255349/,東京都新宿区四谷2-9-15 サンサーラ四谷ビル B1F,https://www.google.com/maps/search/?api=1&query=%E6%9D%B1%E4%BA%AC%E9%83%BD%E6%96%B0%E5%AE%BF%E5%8C%BA%E5%9B%9B%E8%B0%B72-9-15%20%E3%82%B5%E3%83%B3%E3%82%B5%E3%83%BC%E3%83%A9%E5%9B%9B%E8%B0%B7%E3%83%93%E3%83%AB%20B1F,四ツ谷駅,3.26
ハムロ カジャ ガル,新宿区,https://tabelog.com/tokyo/A1304/A130404/13250069/,https://tabelog.com/tokyo/A1304/A130404/13250069/,東京都新宿区百人町2-14-4 1F,https://www.google.com/maps/search/?api=1&query=%E6%9D%B1%E4%BA%AC%E9%83%BD%E6%96%B0%E5%AE%BF%E5%8C%BA%E7%99%BE%E4%BA%BA%E7%94%BA2-14-4%201F,新大久保駅,3.31
YEBISU BAR 神楽坂店,新宿区,https://tabelog.com/tokyo/A1309/A130905/13126826/,https://tabelog.com/tokyo/A1309/A130905/13126826/,東京都新宿区神楽坂2-6 PORTA神楽坂 2F,https://www.google.com/maps/search/?api=1&query=%E6%9D%B1%E4%BA%AC%E9%83%BD%E6%96%B0%E5%AE%BF%E5%8C%BA%E7%A5%9E%E6%A5%BD%E5%9D%822-6%20PORTA%E7%A5%9E%E6%A5%BD%E5%9D%82%202F,飯田橋駅,3.28
Kobe Beef Dining 和牛特区,新宿区,https://tabelog.com/tokyo/A1304/A130401/13279894/,https://tabelog.com/tokyo/A1304/A130401/13279894/,東京都新宿区歌舞伎町1-29-1 東急歌舞伎町タワー 1F,https://www.google.com/maps/search/?api=1&query=%E6%9D%B1%E4%BA%AC%E9%83%BD%E6%96%B0%E5%AE%BF%E5%8C%BA%E6%AD%8C%E8%88%9E%E4%BC%8E%E7%94%BA1-29-1%20%E6%9D%B1%E6%80%A5%E6%AD%8C%E8%88%9E%E4%BC%8E%E7%94%BA%E3%82%BF%E3%83%AF%E3%83%BC%201F,西武新宿駅,3.37
肉割烹 肉かぶく,新宿区,https://tabelog.com/tokyo/A1304/A130401/13233105/,https://tabelog.com/tokyo/A1304/A130401/13233105/,東京都新宿区歌舞伎町2-22-1 ホテルシェーナ 2F,https://www.google.com/maps/search/?api=1&query=%E6%9D%B1%E4%BA%AC%E9%83%BD%E6%96%B0%E5%AE%BF%E5%8C%BA%E6%AD%8C%E8%88%9E%E4%BC%8E%E7%94%BA2-22-1%20%E3%83%9B%E3%83%86%E3%83%AB%E3%82%B7%E3%82%A7%E3%83%BC%E3%83%8A%202F,東新宿駅,3.53
てけてけ 西武新宿駅前店,新宿区,https://tabelog.com/tokyo/A1304/A130401/13232521/,https://tabelog.com/tokyo/A1304/A130401/13232521/,東京都新宿区歌舞伎町1-23-10 ｼｬﾄﾚﾋﾞﾙ B1F,https://www.google.com/maps/search/?api=1&query=%E6%9D%B1%E4%BA%AC%E9%83%BD%E6%96%B0%E5%AE%BF%E5%8C%BA%E6%AD%8C%E8%88%9E%E4%BC%8E%E7%94%BA1-23-10%20%EF%BD%BC%EF%BD%AC%EF%BE%84%EF%BE%9A%EF%BE%8B%EF%BE%9E%EF%BE%99%20B1F,西武新宿駅,3.01
トラットリア クイント,新宿区,https://tabelog.com/tokyo/A1304/A130401/13199973/,https://tabelog.com/tokyo/A1304/A130401/13199973/,東京都新宿区歌舞伎町1-6-1 シロービル 3F,https://www.google.com/maps/search/?api=1&query=%E6%9D%B1%E4%BA%AC%E9%83%BD%E6%96%B0%E5%AE%BF%E5%8C%BA%E6%AD%8C%E8%88%9E%E4%BC%8E%E7%94%BA1-6-1%20%E3%82%B7%E3%83%AD%E3%83%BC%E3%83%93%E3%83%AB%203F,新宿三丁目駅,3.49
オリヴァヴァ,新宿区,https://tabelog.com/tokyo/A1309/A130902/13227537/,https://tabelog.com/tokyo/A1309/A130902/13227537/,東京都新宿区四谷1-7-18 アクトワールドビル 3F,https://www.google.com/maps/search/?api=1&query=%E6%9D%B1%E4%BA%AC%E9%83%BD%E6%96%B0%E5%AE%BF%E5%8C%BA%E5%9B%9B%E8%B0%B71-7-18%20%E3%82%A2%E3%82%AF%E3%83%88%E3%83%AF%E3%83%BC%E3%83%AB%E3%83%89%E3%83%93%E3%83%AB%203F,四ツ谷駅,3.27
ヤンピョン ヘジャンク,新宿区,https://tabelog.com/tokyo/A1304/A130401/13030759/,https://tabelog.com/tokyo/A1304/A130401/13030759/,東京都新宿区大久保1-6-12 川越屋ビル 2F,https://www.google.com/maps/search/?api=1&query=%E6%9D%B1%E4%BA%AC%E9%83%BD%E6%96%B0%E5%AE%BF%E5%8C%BA%E5%A4%A7%E4%B9%85%E4%BF%9D1-6-12%20%E5%B7%9D%E8%B6%8A%E5%B1%8B%E3%83%93%E3%83%AB%202F,東新宿駅,3.48
焼肉なべちゃん,新宿区,https://tabelog.com/tokyo/A1304/A130401/13295657/,https://tabelog.com/tokyo/A1304/A130401/13295657/,東京都新宿区歌舞伎町1-12‐1 KTビル 1F,https://www.google.com/maps/search/?api=1&query=%E6%9D%B1%E4%BA%AC%E9%83%BD%E6%96%B0%E5%AE%BF%E5%8C%BA%E6%AD%8C%E8%88%9E%E4%BC%8E%E7%94%BA1-12%E2%80%901%20KT%E3%83%93%E3%83%AB%201F,西武新宿駅,3.11
神楽坂 前田,新宿区,https://tabelog.com/tokyo/A1309/A130905/13091029/,https://tabelog.com/tokyo/A1309/A130905/13091029/,東京都新宿区神楽坂3-6,https://www.google.com/maps/search/?api=1&query=%E6%9D%B1%E4%BA%AC%E9%83%BD%E6%96%B0%E5%AE%BF%E5%8C%BA%E7%A5%9E%E6%A5%BD%E5%9D%823-6,飯田橋駅,3.50
新大久保韓国横丁 ホンデポチャ,新宿区,https://tabelog.com/tokyo/A1304/A130404/13266811/,https://tabelog.com/tokyo/A1304/A130404/13266811/,東京都新宿区大久保2-19-1 セントラル大久保,https://www.google.com/maps/search/?api=1&query=%E6%9D%B1%E4%BA%AC%E9%83%BD%E6%96%B0%E5%AE%BF%E5%8C%BA%E5%A4%A7%E4%B9%85%E4%BF%9D2-19-1%20%E3%82%BB%E3%83%B3%E3%83%88%E3%83%A9%E3%83%AB%E5%A4%A7%E4%B9%85%E4%BF%9D,新大久保駅,3.33
今彩,新宿区,https://tabelog.com/tokyo/A1309/A130905/13037142/,https://tabelog.com/tokyo/A1309/A130905/13037142/,東京都新宿区神楽坂6-26-8,https://www.google.com/maps/search/?api=1&query=%E6%9D%B1%E4%BA%AC%E9%83%BD%E6%96%B0%E5%AE%BF%E5%8C%BA%E7%A5%9E%E6%A5%BD%E5%9D%826-26-8,神楽坂駅,3.52
おでん屋ちどり,新宿区,https://tabelog.com/tokyo/A1304/A130401/13297389/,https://tabelog.com/tokyo/A1304/A130401/13297389/,東京都新宿区歌舞伎町2-39-12 K会館 4F F室,https://www.google.com/maps/search/?api=1&query=%E6%9D%B1%E4%BA%AC%E9%83%BD%E6%96%B0%E5%AE%BF%E5%8C%BA%E6%AD%8C%E8%88%9E%E4%BC%8E%E7%94%BA2-39-12%20K%E4%BC%9A%E9%A4%A8%204F%20F%E5%AE%A4,西武新宿駅,3.01
なべちゃんラーメン,新宿区,https://tabelog.com/tokyo/A1309/A130903/13294102/,https://tabelog.com/tokyo/A1309/A130903/13294102/,東京都新宿区住吉町5-9 リフレッシュ住吉B B1F,https://www.google.com/maps/search/?api=1&query=%E6%9D%B1%E4%BA%AC%E9%83%BD%E6%96%B0%E5%AE%BF%E5%8C%BA%E4%BD%8F%E5%90%89%E7%94%BA5-9%20%E3%83%AA%E3%83%95%E3%83%AC%E3%83%83%E3%82%B7%E3%83%A5%E4%BD%8F%E5%90%89B%20B1F,曙橋駅,3.16
MOMO,新宿区,https://tabelog.com/tokyo/A1304/A130404/13104607/,https://tabelog.com/tokyo/A1304/A130404/13104607/,東京都新宿区百人町2-10-9 新大久保イニシャルハウス　２Ｆ,https://www.google.com/maps/search/?api=1&query=%E6%9D%B1%E4%BA%AC%E9%83%BD%E6%96%B0%E5%AE%BF%E5%8C%BA%E7%99%BE%E4%BA%BA%E7%94%BA2-10-9%20%E6%96%B0%E5%A4%A7%E4%B9%85%E4%BF%9D%E3%82%A4%E3%83%8B%E3%82%B7%E3%83%A3%E3%83%AB%E3%83%8F%E3%82%A6%E3%82%B9%E3%80%80%EF%BC%92%EF%BC%A6,新大久保駅,3.48
炭火焼鳥 塚田農場 新宿東南口店,新宿区,https://tabelog.com/tokyo/A1304/A130401/13260455/,https://tabelog.com/tokyo/A1304/A130401/13260455/,東京都新宿区新宿3-36-15 新宿内野ビル 2F,https://www.google.com/maps/search/?api=1&query=%E6%9D%B1%E4%BA%AC%E9%83%BD%E6%96%B0%E5%AE%BF%E5%8C%BA%E6%96%B0%E5%AE%BF3-36-15%20%E6%96%B0%E5%AE%BF%E5%86%85%E9%87%8E%E3%83%93%E3%83%AB%202F,新宿駅,3.04
焼き鳥居酒屋けむり 日本酒専門店,新宿区,https://tabelog.com/tokyo/A1304/A130401/13291101/,https://tabelog.com/tokyo/A1304/A130401/13291101/,東京都新宿区歌舞伎町2-17-4 コリンズ37ビル 1F,https://www.google.com/maps/search/?api=1&query=%E6%9D%B1%E4%BA%AC%E9%83%BD%E6%96%B0%E5%AE%BF%E5%8C%BA%E6%AD%8C%E8%88%9E%E4%BC%8E%E7%94%BA2-17-4%20%E3%82%B3%E3%83%AA%E3%83%B3%E3%82%BA37%E3%83%93%E3%83%AB%201F,東新宿駅,3.04
ヘオちゃん 2号店,新宿区,https://tabelog.com/tokyo/A1304/A130404/13299381/,https://tabelog.com/tokyo/A1304/A130404/13299381/,東京都新宿区大久保2-32-3 リスボンビル 5F,https://www.google.com/maps/search/?api=1&query=%E6%9D%B1%E4%BA%AC%E9%83%BD%E6%96%B0%E5%AE%BF%E5%8C%BA%E5%A4%A7%E4%B9%85%E4%BF%9D2-32-3%20%E3%83%AA%E3%82%B9%E3%83%9C%E3%83%B3%E3%83%93%E3%83%AB%205F,新大久保駅,3.06
